URL,Title,Price
https://rozetka.com.ua/ua/609074087/p609074087/,Lenovo ThinkPad X13 Yoga 1th Gen i5-10310U/RAM16GB/SSD1TB/13.3''/IPSFull HD/Win11Pro - Б/В,17299
https://rozetka.com.ua/ua/496860584/p496860584/,"Ноутбук HP Pavilion 15-p258nl / 15.6"" (1366x768) TN / Intel Core i7-5500U (2 (4) ядра по 2.4 - 3.0 GHz) / 16 GB DDR3 / 1000 GB SSD / nVidia GeForce 840M, 4 GB DDR3, 64-bit / WebCam / DVD-RW / Win 10 Home б/в",16446
https://rozetka.com.ua/ua/609074099/p609074099/,Lenovo ThinkPad X13 Yoga G1 i7-10510U/RAM16GB/SSD1TB/13.3''/IPSFull HD/Win11Pro - Б/В,17999
https://rozetka.com.ua/ua/584624944/p584624944/,"Ультрабук Б-клас HP EliteBook 840 G3 / 14"" (1366x768) TN / Intel Core i5-6300U (2 (4) ядра по 2.4 - 3.0 GHz) / 16 GB DDR4 / 1000 GB SSD / Intel HD Graphics 520 / WebCam / Win 10 б/в",13155
https://rozetka.com.ua/ua/529325954/p529325954/,"Ноутбук Dell Latitude 5490 /14""/I5-7300U 16GB RAM/1 TB SSD/FullHD/IPS/WIFI/BT/IR-CAM Б/В", 
https://rozetka.com.ua/ua/595664131/p595664131/,"Ноутбук HP ProBook 430 G8 i3-1115G4/16GB/1TB/FullHD13.3""/Win11Pro - Б/В",14299
https://rozetka.com.ua/ua/622758206/p622758206/,Ноутбук Lenovo ThinkPad L13 Gen 3 / 13.3” 1920x1200 WUXGA / i5-1245U / 16 ГБ / SSD / 1 ТБ / Intel Iris Xe Graphics / Клас Б Б/В, 
https://rozetka.com.ua/ua/622758095/p622758095/,Ноутбук Lenovo ThinkPad L13 Gen 3 WUXGA (i5-1245U/16/1TBSSD) - Class B Б/В, 
https://rozetka.com.ua/ua/609074093/p609074093/,Lenovo ThinkPad X13 Yoga 1th Gen i5-10310U/RAM16GB/SSD1TB/13.3''/IPSFull HD/Win11Pro - Б/В,17499
https://rozetka.com.ua/ua/618588857/p618588857/,"Ультрабук HP EliteBook 850 G8 i5-1145G7 / 16 гб / ssd 1 тб / 15.6"" IPS Full HD / Win11 Pro (б/в) Ноутбук (1480)", 
https://rozetka.com.ua/ua/notebooks-lenovo-154978350/p556594356/,Ноутбук Lenovo ThinkPad T14s G1 i5-10310U RAM 16 gb SSD 1 TB 14'' IPS Full HD - Б/В,16799
https://rozetka.com.ua/ua/625071902/p625071902/,Lenovo ThinkPad T14s G2 (i5-1145G7/16 gb/ 1 Tb SSD/14'' FHD/Win 11 pro) Б/В,18999
https://rozetka.com.ua/ua/624717827/p624717827/,Ноутбук Lenovo ThinkPad L15 Gen2 FHD (i5-1145G7/16/1TBSSD) - Class B Б/В, 
https://rozetka.com.ua/ua/616796411/p616796411/,"Ноутбук Lenovo ThinkPad L14 G1 Ryzen 5 Pro 4650U / 16 гб / ssd 1 тб / 14"" IPS Full HD / Win11 Pro (б/в) (3921)",18490
https://rozetka.com.ua/ua/616796393/p616796393/,"Ультрабук Lenovo ThinkPad T14s G1 i7-10610u / 16 гб / ssd 1 тб / 14"" IPS Full HD Сенсорний / Win11 Pro (б/в) (3853)", 
https://rozetka.com.ua/ua/626621696/p626621696/,"Ноутбук Acer Aspire 5 A515-57 i5-1235U / 16 гб / ssd 512 гб + 512 гб / 15.6"" Full HD IPS / Win11 (б/в)", 
https://rozetka.com.ua/ua/624716825/p624716825/,Ноутбук Lenovo ThinkPad L15 Gen 2 / 15.6” 1920x1080 FullHD / i5-1145G7 / 16 ГБ / SSD / 1 ТБ / Intel Iris Xe Graphics / Клас Б Б/В, 
https://rozetka.com.ua/ua/626621714/p626621714/,"Ультрабук-трансформер HP EliteBook x360 1030 G4 i5-8265U / 16 гб / ssd 1 тб / 13.3"" IPS FHD Сенсорний / Win11 Pro (б/в) 4G-модем (4130)",20490
https://rozetka.com.ua/ua/625989065/p625989065/,Ноутбук HP ProBook 630 G8 FHD (i5-1145G7/16/1TBSSD) - Class B Б/В, 
https://rozetka.com.ua/ua/624541292/p624541292/,Ноутбук Lenovo ThinkPad L15 Gen2 FHD (i5-1145G7/16/1TBSSD) - Class B Б/В, 
https://rozetka.com.ua/ua/618704162/p618704162/,Ноутбук Lenovo ThinkPad T14 Gen 1 / 14” 1920x1080 FullHD / i5-10310U / 16 ГБ / SSD / 1 ТБ / Intel UHD Graphics / Клас Б Б/В, 
https://rozetka.com.ua/ua/617465528/p617465528/,Ноутбук Lenovo ThinkPad X260 FHD LTE noWeb (i7-6600U/16/1TBSSD/2 battery) - Class B Б/В, 
https://rozetka.com.ua/ua/593610565/p593610565/,"Ноутбук Lenovo ThinkPad T495 R5 Pro 3500U / 16 гб / ssd 1 тб / 14"" IPS FHD Сенсорний / Win11 Pro (б/в) (3249)",16490
https://rozetka.com.ua/ua/622758125/p622758125/,Ноутбук Lenovo ThinkPad L13 Gen 2 FHD (i5-1145G7/16/1TBSSD) - Class B Б/В, 
https://rozetka.com.ua/ua/621220010/p621220010/,Ноутбук Lenovo ThinkPad L13 Gen 3 WUXGA (i5-1245U/16/1TBSSD) - Class B Б/В, 
https://rozetka.com.ua/ua/614340662/p614340662/,Ноутбук Lenovo ThinkPad L14 Gen 3 / 14” 1920x1080 FullHD / i5-1245U / 16 ГБ / SSD / 1 ТБ / Intel Iris Xe Graphics / Клас Б Б/В, 
https://rozetka.com.ua/ua/601684957/p601684957/,"Ноутбук-трансформер Dell Latitude 5300 2-in-1 i5-8365U / 16 гб / ssd 1 тб / 13.3"" IPS FHD Сенсорний / Win11 Pro (б/в) 4G модем (3605)",16390
https://rozetka.com.ua/ua/624716888/p624716888/,Ноутбук Lenovo ThinkPad L13 Gen 3 / 13.3” 1920x1200 WUXGA / i5-1245U / 16 ГБ / SSD / 1 ТБ / Intel Iris Xe Graphics / Клас А- Б/В, 
https://rozetka.com.ua/ua/625302056/p625302056/,Ноутбук HP ProBook 630 G8 / 13.3” 1920x1080 FullHD / i5-1145G7 / 16 ГБ / SSD / 1 ТБ / Intel Iris Xe Graphics / Клас А- Б/В, 
https://rozetka.com.ua/ua/616796366/p616796366/,"Ноутбук Lenovo ThinkPad L14 G1 Ryzen 5 Pro 4650U / 16 гб / ssd 1 тб / 14"" IPS Full HD Сенсорний / Win11 Pro (б/в) (3900)", 
https://rozetka.com.ua/ua/564835958/p564835958/,"Ноутбук HP Pavilion 15-p258nl / 15.6"" (1366x768) TN / Intel Core i7-5500U (2 (4) ядра по 2.4 - 3.0 GHz) / 16 GB DDR3 / 1000 GB SSD / nVidia GeForce 840M, 4 GB DDR3, 64-bit / WebCam / DVD-RW / Win 10 Home б/в",16610
https://rozetka.com.ua/ua/621220022/p621220022/,Ноутбук Lenovo ThinkPad L13 Gen 2 FHD (i5-1145G7/16/1TBSSD) - Class B Б/В, 
https://rozetka.com.ua/ua/617465552/p617465552/,Ноутбук Lenovo ThinkPad T14 G1 FHD (i5-10310U/16/1TBSSD) - Class B Б/В, 
https://rozetka.com.ua/ua/616796432/p616796432/,"Ноутбук Lenovo ThinkPad T495 R5 Pro 3500U / 16 гб / ssd 1 тб / 14"" IPS FHD Сенсорний / Win11 Pro (б/в) (3745)",15990
https://rozetka.com.ua/ua/621220040/p621220040/,Ноутбук Lenovo ThinkPad L13 Gen 3 WUXGA (i5-1245U/16/1TBSSD) - Class A- Б/В, 
https://rozetka.com.ua/ua/notebooks-hp-hewlett-packard-156542920/p561063471/,"Ультрабук HP EliteBook 845 G8 R3 Pro 5450U / 16 гб / ssd 1 тб / 14"" IPS Full HD / Win11 Pro (б/в) Ноутбук 4G модем", 
https://rozetka.com.ua/ua/613676870/p613676870/,Ноутбук Lenovo ThinkPad L14 Gen 3 FHD (i5-1245U/16/1TBSSD) - Class B Б/В, 
https://rozetka.com.ua/ua/notebooks-hp-hewlett-packard-153559753/p553529361/,Ноутбук HP ProBook 430 G7 i3-10210U 16 gb RAM 1 TB SSD - Б/В,13499
https://rozetka.com.ua/ua/617900411/p617900411/,Ноутбук Lenovo ThinkPad X260 FHD LTE noWeb (i7-6600U/16/1TBSSD/2 battery) - Class B Б/В, 
https://rozetka.com.ua/ua/609921749/p609921749/,Ноутбук Dell Latitude 7480 FHD (i5-7300U/16/1TBSSD) - Class A- Б/В, 
https://rozetka.com.ua/ua/notebooks-hp-hewlett-packard-152544119/p551095068/,Ноутбук HP ProBook 430 G7 i5-10210U / 16 gb / 1 TB - Б/В,14999
https://rozetka.com.ua/ua/617902166/p617902166/,Ноутбук Dell Latitude 7480 FHD (i5-7300U/16/1TBSSD) - Class A- Б/В, 
https://rozetka.com.ua/ua/616796414/p616796414/,"Ноутбук Lenovo ThinkPad L14 G1 Ryzen 5 Pro 4650U / 16 гб / ssd 1 тб / 14"" IPS Full HD Сенсорний / Win11 Pro (б/в) (3901)",19490
https://rozetka.com.ua/ua/617900459/p617900459/,Ноутбук Lenovo ThinkPad T14 G1 FHD (i5-10310U/16/1TBSSD) - Class B Б/В, 
https://rozetka.com.ua/ua/605256295/p605256295/,"Ультрабук HP EliteBook 850 G8 i5-1145G7 / 16 гб / ssd 1 тб / 15.6"" IPS Full HD / Win11 Pro (б/в) Ноутбук (3634)", 
https://rozetka.com.ua/ua/609737777/p609737777/,"Ноутбук Lenovo ThinkPad T495 R5 Pro 3500U / 16 гб / ssd 1 тб / 14"" IPS Full HD / Win11 Pro (б/в) (3271)", 
https://rozetka.com.ua/ua/notebooks-dell-155746347/p559118466/,Ноутбук Dell Latitude 5420 i3 1125G4 RAM 16GB SSD 1TB 14'' IPS Full HD Win11 - Б/В,15499
https://rozetka.com.ua/ua/517672814/p517672814/,"Ноутбук Lenovo ThinkPad L14 G1 R5 Pro 4650U / 16 гб / ssd 1 тб / 14"" IPS Full HD / Win11 Pro (б/в) (2039)", 
https://rozetka.com.ua/ua/614140064/p614140064/,Ноутбук HP ProBook 640 G5 FHD (i5-8365U/16/1TBSSD) - Class B Б/В, 
https://rozetka.com.ua/ua/612216701/p612216701/,Ноутбук Dell Latitude E5570 FHD (i7-6820HQ/16/1TBSSD/R7 M370-2Gb) - Class B Б/В, 
https://rozetka.com.ua/ua/564898775/p564898775/,"Ультрабук-трансформер HP EliteBook x360 1030 G4 i5-8265U / 16 гб / ssd 1 тб / 13.3"" IPS FHD Сенсорний / Win11 Pro (б/в) 4G-модем Ноутбук", 
https://rozetka.com.ua/ua/607458089/p607458089/,Ноутбук Dell Latitude 7310 / 13.3” 1920x1080 FullHD / i5-10310U / 16 ГБ / SSD / 1 ТБ / Intel UHD Graphics / Клас Б Б/В, 
https://rozetka.com.ua/ua/notebooks-dell-148764062/p538371499/,"Ноутбук-трансформер Dell Latitude 5300 2-in-1 i5-8365U / 16 гб / ssd 1 тб / 13.3"" IPS FHD Сенсорний / Win11 Pro (б/в) 4G модем (2254)",16790
https://rozetka.com.ua/ua/594067750/p594067750/,"Ультрабук Б-клас HP EliteBook 840 G3 / 14"" (1366x768) TN / Intel Core i5-6300U (2 (4) ядра по 2.4 - 3.0 GHz) / 16 GB DDR4 / 1000 GB SSD / Intel HD Graphics 520 / WebCam / Win 10 б/в",13287
https://rozetka.com.ua/ua/447554675/p447554675/,"Ноутбук Lenovo ThinkPad T495 R5 Pro 3500U / 16 гб / ssd 1 тб / 14"" TN HD / Win11 Pro (б/в) (1345)",14890
https://rozetka.com.ua/ua/notebooks-lenovo-148764080/p538371549/,"Ультрабук Lenovo ThinkPad T14s G1 i7-10610u / 16 гб / ssd 1 тб / 14"" IPS FHD Сенсорний / Win11 Pro (б/в) Ноутбук (2246)",19490
https://rozetka.com.ua/ua/notebooks-hp-hewlett-packard-152004855/p549306963/,"Ноутбук HP ProBook 440 G9, i3-1215U, 16 gb, 1024gb/ 14'' - Б/В",20499
https://rozetka.com.ua/ua/458528664/p458528664/,"Мобільна робоча станція Lenovo ThinkPad P50 i7-6700HQ / M1000M / 16 гб / ssd 1 тб / 15.6"" IPS 4K 3840х2160 / Win10 Pro (б/в) Ноутбук 4G", 
https://rozetka.com.ua/ua/529326069/p529326069/,"Ноутбук Dell Latitude 5490/14""/I5-8350U/16GB RAM/1ТB SSD/FullHD/IPS/WIFI/BT Б/У", 
https://rozetka.com.ua/ua/585009829/p585009829/,"Ноутбук HP EliteBook 840 G3 14"" (i5-6300U/16GB DDR4/1TB SSD), б/в", 
