URL,Title,Product Condition,Cost,Available,Delivery cost,Location,Sold now,Positive reply`s,Refurbish,Extras
https://www.ebay.com/https://ebay.com/itm/123456?itmmeta=012DEW30YG0MEEKND7NH&hash=item123546:g:acwAA9KNiJowH:sc:ShippingMethodStandard!95008!US!-1&itmprp=enc%3AbgepL1tlUHjMGCVfSTGJh%2BzsVKeJ3CQk7NizDI4BZeppuFnmyS6Ijyp8lh%2FnEw%2BWqO7uTV1Q6izE1R0T54aV8j71F4xlWfVcGft4%2FiOQhtqVXA1rW6M1atPARQRmhqUxtEPJKhKtSFgI%2Bvwlzb0GwVCtkp%3ABlBMUObkmabpYw,Shop on eBay,Brand New,$20.00,or Best Offer,,,,,False,
https://www.ebay.com/https://ebay.com/itm/123456?itmmeta=012DEW30YG0MEEKND7NH&hash=item123546:g:acwAA9KNiJowH:sc:ShippingMethodStandard!95008!US!-1&itmprp=enc%3AbgepL1tlUHjMGCVfSTGJh%2BzsVKeJ3CQk7NizDI4BZeppuFnmyS6Ijyp8lh%2FnEw%2BWqO7uTV1Q6izE1R0T54aV8j71F4xlWfVcGft4%2FiOQhtqVXA1rW6M1atPARQRmhqUxtEPJKhKtSFgI%2Bvwlzb0GwVCtkp%3ABlBMUObkmabpYw,Shop on eBay,Brand New,$20.00,or Best Offer,,,,,False,
https://www.ebay.com/https://www.ebay.com/itm/204275421073?_skw=laptop&itmmeta=01M4KA28SVMH9X88MM6FAJSCN6&hash=item2f8fc38f91:g:RB8AAeSwRypqyeBr&itmprp=enc%3AAQALAAAAwCHNgUiiE%2FjQhlDTaMiAde%2FjgYLOcBmvAs0LQi%2Fb%2FtjQJoec16UVe%2F%2B0bJMbSya6syR8WgBayp9VH0qvShYkScFV3iO0umMWYPPJFs9SHd8FHFTX5qU3uLpnQRRisJaMRdc%2BqaAsf2QKk2hCVHeQkFAvsaMi%2BhJpZImedhs6kZenInNho3doDd8O7Ut2DHpOqsmIwfTpIPc4l2EsE7GwH%2FZ46bXVdRoy2k1Z6v3QXDwrnHwN4ispEfSonMn0gVOrJg%3D%3D%7Ctkp%3ABk9SR4iNieqkaA,"Dell Latitude 5520 Intel i5 1145G7 2.60GHz 16GB RAM 256GB SSD 15.6"" Win 11
Opens in a new window or tab",Dell,$303.76,Buy It Now,+$34.22 delivery,Located in Australia,Almost gone,bneacttrader 99.4% positive (58.7K),True,
https://www.ebay.com/https://www.ebay.com/itm/196119970965?_skw=laptop&epid=19067521223&itmmeta=01M4KA28SV7ZKZH93B7TB0YDMS&hash=item2da9a94495:g:gDMAAeSwUrVqyhgW&itmprp=enc%3AAQALAAAA4CHNgUiiE%2FjQhlDTaMiAde9RsoY%2B0qgaAD37JIZjiTB%2F9rTL95fGhBgbrwFdZGoGKjyBUi%2FzHQSN7BqUDWjr4BqSxTv9ucBcomGPJMAYtqlGnKHNQiw6pNW5CdCPy4vU7eGePyH6tCXopMsV%2FZx9FaRre%2FwLH70NmcSd%2FdEeLu90c98xIADAdj2exOIvj3xMVrZpMP%2FSlWQylAKcEs7M4T2MwSSAEoKXijIF4L1Li0bWeRJmuBdV96crD5eh5YnUB6cdaB7WS5ABljd%2F6DTdm7Qug3fxBfwInmgeDJus6JEk%7Ctkp%3ABFBMiI2J6qRo,"Dell Latitude 5520 Intel i5 1145G7 2.60GHz 16GB RAM 256GB SSD 15.6"" Win 11 - B G
Opens in a new window or tab",Dell,$268.85,Buy It Now,+$34.22 delivery,Located in Australia,192 sold,bneacttrader 99.4% positive (58.7K),False,
https://www.ebay.com/https://www.ebay.com/itm/960038988559?_skw=laptop&epid=219531179&itmmeta=01M4KA28SVYHXB1WWRSVVATEZS&hash=itemdf86c86b0f:g:~s0AAeSw2lNqpxCL&itmprp=enc%3AAQALAAAA4CHNgUiiE%2FjQhlDTaMiAde9z5t1JYIVVCv1B657pPsKAKfJJKFcrn9mWLWUpRSaXSbzqzyiR4ZZyj5iI%2BG0jMtjQ5z04NWXT5y%2BlMbxBUYH7vpbvceeavU%2F6VFREAU3ObMgSm50jNOW3QpcRJ8iuTnz9Nznd20cXFSSH4C09xairdUQ2vhgn8dd5xsdYG0oOpAYnGWC3GRSqRRRX3sGIz5VBQLcyRlILWiqajG6Mx5PZ6PdZ%2FSzJTkteSnVMImj4SuBfe7FmnVbw2GzTNvbM%2Bcjv2Pq2R66c8jczWsX1LeaS%7Ctkp%3ABFBMiI2J6qRo,"HP EliteBook 8560w Intel Core i5 CPU 2.20GHz 16GB Wi-Fi 500GB Web CAM-Flawless!!
Opens in a new window or tab",HP,$302.95,or Best Offer,+$68.65 delivery,Located in United States,,the_ottoman 100% positive (1.3K),False,
https://www.ebay.com/https://www.ebay.com/itm/307222576073?_skw=laptop&itmmeta=01M4KA28SVT22P84AGKG6EWXK4&hash=item4787e47bc9:g:omkAAeSwbr1qyM0B&itmprp=enc%3AAQALAAAA4CHNgUiiE%2FjQhlDTaMiAde9fbm6T1%2F3ohsMEa5pTSAZ80olNRZoW5mbIGPOyZhqwhQpHzWKviUk%2Fevgf%2F4dMjigIB1qfWFY1HMk%2FMfRas0uRlQuhhOmGwLDjuaC0Q8Mogwgj5YNCmIBiaTb9AXHtwe96Z5cjJX98oMj40tJOd0LE%2B06263PnFg5Qfq3Omg2W3TKCClrq8TT8axQdM%2Fhgd%2BRIekeke2RypeD8E0qi90Ec7wBZgOoOP5KTkM4dcLClRiWC7onP2IyQhTS6aXlexGfy%2F3xGItEOmIEp3e6dZEKE%7Ctkp%3ABFBMiI2J6qRo,"Fujitsu i7 16GB SSD 15.6 Inch Windows 11 Laptop Custom Setup Tested
Opens in a new window or tab",Pre-Owned,$267.71,or Best Offer,Free International Shipping,Located in Japan,,toshiro-eguchi 99.5% positive (551),False,
https://www.ebay.com/https://www.ebay.com/itm/117458948593?_skw=laptop&itmmeta=01M4KA28SVQ0GXCHQRFGPHC0E8&hash=item1b591951f1:g:~FYAAeSwEPJqylvK&itmprp=enc%3AAQALAAAA4CHNgUiiE%2FjQhlDTaMiAde9969PtyhG8YWCSe5Q%2FKr4Rb2SsjhJelpziFTOha4ustNFDyGDy0FkAgQZKvUOOvDezTXbHYDvmqSEgH7Sv%2F%2BWSs%2FE1SDMpnRq6yLlW%2FWv6js5pYTg77hygG7ms1GnfZ9xqt2LUK2Sed3C6flBFaRE6F9SzbiCFOpOnze5xH72T5cTjQ3emVhMi5zC32IXUDLUlsgBZ4JLJ0lYueNsISjsZa3PHQdm2Hea9XPQEKM5f6gvF7Dlu1da%2FE5rSoYxNxkBeyrIEEVc8l67NjybveMZo%7Ctkp%3ABk9SR4iNieqkaA,"NEW LISTINGDELL LATITUDE 5520 - 15.6"" - INTEL i5-1145G7 - 16GB RAM - 256GB SSD - WINDOWS 11
Opens in a new window or tab",Pre-Owned,$220.92,Buy It Now,+$58.06 delivery,Located in Canada,,tronicsquadpointcom 100% positive (503),False,
https://www.ebay.com/https://www.ebay.com/itm/175910813917?_skw=laptop&itmmeta=01M4KA28SWB0EM85CGKE77C3FV&hash=item28f51a00dd:g:mr8AAOSwTOFkfb7H&itmprp=enc%3AAQALAAAAwCHNgUiiE%2FjQhlDTaMiAde99L6R61ADy6zNAKbXhN1rVoDWjw%2Fwt2S2JmrsvELwk4ku8psYI4tuwOBEr1waMvofBImMm86bMVqpKLqh0U9FNiQ1F1flVOb5OHX61uQpuZnXxJMQ5KMMk8Uo4t9mJ9brMJhajLSrIleQ0U7%2FQN6KYgSVc%2BmZUGZ3%2FJSdxI%2BhWPu0rm%2BaRy7o3QqCiqgZKk7%2FBg9wJ13%2F4JG938lEQOB7A0FKJNE%2BGSyAGSV4H3Yjgnw%3D%3D%7Ctkp%3ABk9SR4iNieqkaA,"POWERFUL i7 GAMING LAPTOP NVIDIA 32GB RAM 1TB SSD WINDOWS 10/11 - BUILD YOUR OWN
Opens in a new window or tab",✔ 1 YEAR WARRANTY ✔ 60 DAY RETURNS ✔ VAT INCLUDED,,Buy It Now,+$192.49 shipping estimate,Located in United Kingdom,6+ watchers,Customs services and international tracking provided,True,
https://www.ebay.com/https://www.ebay.com/itm/257717529053?_skw=laptop&itmmeta=01M4KA28SW1BKFT3B4A2YMY3WE&hash=item3c012969dd:g:J1cAAeSwZsBql5MV&itmprp=enc%3AAQALAAAA4CHNgUiiE%2FjQhlDTaMiAde%2BURmv333NFnLuI%2FlZlHcnFjmsc1azpGZzSWw%2BTwqgGAkOZYg%2FK3kEg3JGcXzmtwdoT3ssCAaz8jDLAPgr2lW6vO%2BwUrQ8iHVDraQ0yUWe5BEBE9kOWxSnmgEzF3cHU0EDV6VZeQhW3XnDRGolwQ%2FEH7LknjlKr9pg5EswKRWF58X7jXdLBwEbuKH4ejzk7TksfjBhpssKnTfIvLTTZUEiAU02Cnm1eDoMyeNcHHTYqJIBbPFxK77Z5D%2B69LWZOFJoOTxajjyRNi01K8FqmzWPc%7Ctkp%3ABk9SR4iNieqkaA,"Dell Latitude 5500 / 15.6in / I5 8th / PICK YOUR RAM / PICK YOUR SSD / W11 Pro
Opens in a new window or tab",Very Good - Refurbished,,Buy It Now,+$129.76 delivery,Located in Canada,,discountedcomputerscanada 100% positive (1.6K),True,
https://www.ebay.com/https://www.ebay.com/itm/206013348199?_skw=laptop&itmmeta=01M4KA28SWBTCGY18AE0ADBXZK&hash=item2ff75a3967:g:AjYAAeSwAzNqyeCE&itmprp=enc%3AAQALAAAA4CHNgUiiE%2FjQhlDTaMiAde%2B5RxT6DiqYQ2aousq6YJzVpWFobBcOCrUbku8KgS2Y464IdjehPMDX5Xj5lwoA9XE%2B%2FWh8U%2FzUE6iDR%2Bwod2qV53jzfOUCTGOPCQmESTkO3EPdpxnj%2BsJ3dDPL3TvFyPQfc0heiK4oulUue1yHhxe0cvuhzCHRLL%2BqhV4BAU6gJu4GxpdekX7JLwsRdt%2BDOUtoC9ba%2FgTmmnVxQseBs%2BtXYB9sIH7E05Q0wWlcMsRQ7vXswkX3ql7RfMDC7r5%2F8B7w4yWFDFzKu4nWjh7NLDbH%7Ctkp%3ABk9SR4iNieqkaA,"Lenovo ThinkPad P15s Gen 2 Intel i7 1165G7 2.80GHz 16GB RAM 512GB SSD NVIDIA T50
Opens in a new window or tab",Lenovo,$516.74,Buy It Now,+$34.22 delivery,Located in Australia,,bneacttrader 99.4% positive (58.7K),True,
https://www.ebay.com/https://www.ebay.com/itm/377558781523?_skw=laptop&itmmeta=01M4KA28SWBYSV24FKE6X53P1A&hash=item57e841ce53:g:4s8AAeSwUDFqyB61&itmprp=enc%3AAQALAAAA4CHNgUiiE%2FjQhlDTaMiAde8zfZup%2BhL7%2Fxtn3kK5WD4kcS8ErLLrp88UXLuSdIvtydiQoT%2FPoljs3KJ%2B1IR1dr1Uq26GHS9Dq%2BG%2BvOVFZf1U%2Fz%2B6n2vv9ZC%2B0Odh71YD%2BkWRXHdHiRQS1GOduCvbl0sjKGpzlf0JgmzacLOoQfos8T%2B4imgEITgooOsrh9O0GVhC53BScQ2r0NF2BdntMWYBqpT8yjerCI8EZOrAncKGZbsAG3RuBjEyAAuS07%2FVk8nLKS%2FkN7jo%2B3PXlxezR71mtlXjobpePYrErE2TLl9L%7Ctkp%3ABk9SR4iNieqkaA,"NEW LISTING2024 Made In Japan HP 250R 15.6inch G9 Intel Core i5-1335U 16GB 256GB SSD Win 11
Opens in a new window or tab",HP · 256 GB,$800.00,or Best Offer,+$200.00 delivery,Located in Japan,,ak_tokyo_export_llc 0% positive (0),False,
https://www.ebay.com/https://www.ebay.com/itm/377557726053?_skw=laptop&itmmeta=01M4KA28SW5K05HAGXBXP6ZP5J&hash=item57e831b365:g:Cs0AAeSwKrJqvtW1&itmprp=enc%3AAQALAAAAwCHNgUiiE%2FjQhlDTaMiAde%2Fm21DBK7zcDFkzJCzHynGemhkd5%2B2W%2B2IvpvUbi4iTimLArO5S7IcklzhSXjyBIJxIoL2usMeND66uuDjeT65AlWoXJF4UaRAtnf4dumSPI1WV8lSTjWyXceN6uybtmydoVDzWHnDDt%2BIykO62Twd9pQ42QUcivmPdrJROOpC7zmOPu5iEnY8tOFeq2Tea%2BAYISGwRbZNI4UQuaR0%2Be220h6jm%2FsjhvQqAaD0QALOUPA%3D%3D%7Ctkp%3ABk9SR4iNieqkaA,"NEW LISTINGMicrosoft Surface Laptop 5 15'' Core i7-1265U 2.70GHz 16GB 512GB SSD W11 (K665)
Opens in a new window or tab",Microsoft,$179.95,1 bid,+$139.70 delivery,Located in United States,,rakicomputers 99.8% positive (118.2K),True,
https://www.ebay.com/https://www.ebay.com/itm/178550585010?_skw=laptop&itmmeta=01M4KA28SWCG9XK8SMQQV4GQTH&hash=item299271b6b2:g:EOIAAeSw9yVp7h17&itmprp=enc%3AAQALAAAA4CHNgUiiE%2FjQhlDTaMiAde%2Bk1eA0G4onBW%2FUDbgsS1eINsXeVU4v%2FQZa4cRNV%2Fe2l3oRJ%2BXVUpjmJkaPyUYgqEoqiM2lBj302sHF53x2DHiPQthAS7IIbMjLZxAlyKNGgoO7TBHDjXaXV3J3l%2FXzn4LZRpJDGm4eHsYqVC7ToZMvf74rzNqzOpftuI9iA8GpWcYMpC1kO3gb%2BaDqPGxKN0D33M1v2A%2BZcUDELNa88kmlJcwrBI6SXJCYg%2FZ0%2Bk1t7Mp3tjWjzClpb4bU4CpVq9OM30SBqp0cfT3CPw18wt4o%7Ctkp%3ABk9SR4iNieqkaA,"Laptop Lenovo Thinkpad Windows 11 Intel Core i5 i7 16GB RAM 512GB SSD WiFi
Opens in a new window or tab",Lenovo,,Buy It Now,+$119.11 delivery,Located in United Kingdom,,recycly.tech 99.4% positive (3.2K),True,
https://www.ebay.com/https://www.ebay.com/itm/377525078847?_skw=laptop&itmmeta=01M4KA28SWJC4ATJ7SAXNHF7X8&hash=item57e63f8b3f:g:lKwAAeSwTThpnRGc&itmprp=enc%3AAQALAAAA4CHNgUiiE%2FjQhlDTaMiAde8SkdRFStwda5Xpkm04YS4oktUREU3Dkzi9Kg1OwnsQPhAPkT8HsVenCidnuovRiksH1cJvaJTFhKT4nk92p1cFxyYO6Idi%2BrtV2w6pzU9FanZbzNkx%2BDjdYavxnvqEwXDT2Ce8qMv7oQb0urPfc1fGO07uJTJ0UPmE4J7s7Dfb9AJ17JodvYXWhU7%2BwvDc2G7jS5KzJBx0cc06s1hi8k48t1esTT5z0qBAyAKoBG5xJ0AgEIv0WM4DClhgkgX1eLB6kSzGd%2BVBmoTmqL2pALw4%7Ctkp%3ABk9SR4iNieqkaA,"HP ProBook 850 G5 15.6"" i7-8650U 16GB RAM 500GB SSD Windows 11 Pro WiFi Webcam
Opens in a new window or tab",HP · 500 GB,$219.99,or Best Offer,+$68.65 delivery,Located in United States,,stach_40 100% positive (176),False,
https://www.ebay.com/https://www.ebay.com/itm/198597503364?_skw=laptop&itmmeta=01M4KA28SWP9DM7GCBHET36DXV&hash=item2e3d556984:g:Ob4AAeSwq6Zqydr9&itmprp=enc%3AAQALAAAA4CHNgUiiE%2FjQhlDTaMiAde%2FjXcCJfG%2BwZuWRWmEMtGlrVUfgRtojmLZzuRQvzHdnFxKjcJJ2c07%2BENVBxL%2FCYw5%2FRZyOkDsN82%2F8ixlV64P1tcCQj2SDEF5a6nIYS2QWNoCCY87EVwm3c9QcfJoZIMPyG3FzAjpnUGbFFU4ubWrxY8E5O3qzrQ4OE9fKGAuTut3RQl8XT0v7evqAitWj9Rqty%2Bxv1KXyqc%2BMVFBFjwaxgA10g3%2BLCy0hYpQs3QctAVndvzXTYjtEo5PkmVBoofkwCaUVSVTDdojmKjU7jyse%7Ctkp%3ABFBMiI2J6qRo,"HP ZBook 15 G5 Intel i7 8850H 2.60GHz 16GB RAM 256GB SSD Quadro P1000 15.6"" FHD
Opens in a new window or tab",HP,$390.35,Buy It Now,+$34.22 delivery,Located in Australia,,bneacttrader 99.4% positive (58.7K),False,
https://www.ebay.com/https://www.ebay.com/itm/307222584169?_skw=laptop&itmmeta=01M4KA28SWT4Q5J8QEQ51J5TQY&hash=item4787e49b69:g:R0UAAeSwEiJqyM-F&itmprp=enc%3AAQALAAAA4CHNgUiiE%2FjQhlDTaMiAde8AuT%2FM6uVAwtbjzzCBMUSaJUdEIMkm8OqqfZIrij0OF2mf%2F4zqpMr8CbM48gjcMkGSdmyqpYSRl%2FjRDAlxMahTdd13rZML%2FsqK1W7KSxHBgP60IQpOiANxj4FQHe3usvaTyYLdbfVt6h1RioMt1UrywkpdxhhAokfBsHnjSYXiJwXjKpnliw%2Bt9rRGf7rrsPZeh1mAhamXtAuyNUY8OzXnY6dxnY7hHpcxJ%2B3zqmoBXnwTR7%2BB3Qg6RIn4smu%2B3966q%2FWQLXgKBucXwLQaFQN2%7Ctkp%3ABFBMiI2J6qRo,"Fujitsu LIFEBOOK A577 RX 15.6 Inch Laptop Core i5 16GB RAM 512GB SSD Windows 11
Opens in a new window or tab",Pre-Owned,$342.92,or Best Offer,Free International Shipping,Located in Japan,,toshiro-eguchi 99.5% positive (551),False,
https://www.ebay.com/https://www.ebay.com/itm/298706825597?_skw=laptop&itmmeta=01M4KA28SWTPHT71V0RS9A9NHE&hash=item458c50717d:g:XrgAAeSwBEtqb2iD&itmprp=enc%3AAQALAAAA4CHNgUiiE%2FjQhlDTaMiAde%2B7nyO9Pm0qmlt1OL1VkGP47yYMBGq28j8VIgs6trx6ree4d6OBT2AXVUd9imWDA9r1rhWixt3I6Hp6wsr6A%2F0oLJoBfh4s99bndgvhDOlSbqLNMrtk5aWMGLv91Iix%2Fi616UxqSpD83Tn5Fw4X9xB18qPARxDjeOrOMpkeqkXEC%2FZIgpD3JdGYx2dOpCjy5mVH92I8L1Fq5EQVNtoHLqp7kCXZUQuAl6nvGEvYIZ2Nt9U4KHeY%2FbjUQTrxuhN%2BSImU1K66atCue4WDXUDBzjL8%7Ctkp%3ABFBMiI2J6qRo,"Dell Inspiron 3510 Laptop Pentium Silver N5030 1.1GHZ 15.6"" HD 16GB 256GB Win 11
Opens in a new window or tab",Dell,$229.99,Buy It Now,Shipping not specified,Located in United States,,ocdepot 99.7% positive (66K),False,
https://www.ebay.com/https://www.ebay.com/itm/137662988066?_skw=laptop&itmmeta=01M4KA28SW9BN002WTWVAYYYMA&hash=item200d5a7f22:g:yiMAAeSw3CxqW-CE&itmprp=enc%3AAQALAAAA4CHNgUiiE%2FjQhlDTaMiAde9uGla%2BiBGMGrceI1yNcrgpN6nObI2yTH%2B3f518l6eA9dgqDTXU7e9ucXcOJuotIGtfgPevum3K5wJps01FkCAOyabffdZgyTDnPrn8DytV8si1kMrRMMHbYqaNmqV5njh7SHH5ZMB1rSZxkmZgC4qZ7ZyR81AGap2iMFKjEu97hrHVgt6xJJw1EMEIhWjA6M014HB64gy9DH3V2vAAaaHZEe7x1wLgS5UOq07uWxqE6fAZdpBNlPOT%2FC6V8EdRbqdn5VQK44%2FO9S0652OwcPx1%7Ctkp%3ABFBMiI2J6qRo,"OTVOC VOCBook 15.6"" Laptop Lpddr4 16GB RAM 512GB SSD Win11 Silver
Opens in a new window or tab",512 GB,$361.00,or Best Offer,+$102.00 delivery,Located in United States,,elyontrading 98.2% positive (8.1K),True,
https://www.ebay.com/https://www.ebay.com/itm/257751507000?_skw=laptop&itmmeta=01M4KA28SXNAGZHJEY94PFCHSM&hash=item3c032fe038:g:wz4AAeSwBa1qrePh&itmprp=enc%3AAQALAAAAwCHNgUiiE%2FjQhlDTaMiAde%2Fn87TUqAQPTfHcjtyVa0qR4J1fYwmOrQ8XCCjoLpPt85g%2FOto58Yd7ENQspKxFAfosru9oVTp9l8rrh7orC54KuDTQXY1i5l75u3Nu8kOPZlK9wMetYJoz9YS4UFtjUeDjiJ%2BNKWzag2rTIJ1g7MWJIg6w%2BN6soxDegKu%2Bzxopf2rheymCtH4OyreFnLUnkn0vL%2BzLq%2Fkxrv5AOS0OQbPHqN0NtMgyzrXfazCiC9arnQ%3D%3D%7Ctkp%3ABk9SR4iNieqkaA,"HP EliteBook 850 G5 / 15.6'' / i7 8th / 16GB / 256GB NVME/ AC/ Windows 11 Pro
Opens in a new window or tab",Very Good - Refurbished,$315.63,or Best Offer,+$129.76 delivery,Located in Canada,,discountedcomputerscanada 100% positive (1.6K),True,
https://www.ebay.com/https://www.ebay.com/itm/227561030383?_skw=laptop&itmmeta=01M4KA28SX1XFCR43EFVAFTWV6&hash=item34fbb1c2ef:g:D9AAAeSwk7ZqylDK&itmprp=enc%3AAQALAAAAwCHNgUiiE%2FjQhlDTaMiAde9yF%2FLlu17ph4Jm6yKLX6HEl5RzDmgzJQUlOUj86cPg%2FNt6jv%2BNCjS8DjFqUjYFTK7cem2hQ%2BC%2B7piCqWZ56sOyYZRvN3TXkN7KMkqcch6ah9TzvxmFgX%2BHD%2F0IG6Rh4xF3JPCFlMs%2FHD%2F1FVvdhhLtkWYDvGk0OudISvAT1wjbWVMk4PNOirXU7bGq6zweCs8MZwjxlvdIJffCT5LpYSNXYQVuAziDs2VKPo8nSBcMHQ%3D%3D%7Ctkp%3ABk9SR4iNieqkaA,"NEW LISTINGRazer Blade 15 Base Model 15.6” Intel Core I7-10750H RTX 3060 16GB RAM 512GB SSD
Opens in a new window or tab",Razer · 16 GB,$661.70,0 bids,+$279.40 shipping estimate,Located in United Kingdom,,Customs services and international tracking provided,False,
https://www.ebay.com/https://www.ebay.com/itm/377546564804?_skw=laptop&itmmeta=01M4KA28SX9EBNPXAEH05ASB7P&hash=item57e78764c4:g:PDIAAeSw9x1qxAtG&itmprp=enc%3AAQALAAAA4CHNgUiiE%2FjQhlDTaMiAde88kyeGnxa%2BVk5FlBX0gPC%2F1Ovek9R1hlRUhmSCbAypcPPUJ85ekiE705HrXivWR45RONVnTBE7KWA5Q8kQh248hPFyeTs2D%2BV9jOczddtphbq8zQSiig5esbyVD4BHAnxCP%2FsBbFEUDtDVmJVA9xjSdOI784RPO0WeIgMbO5V0QtykAaMgQskLRBYNAGrZEnNBXVAf%2BvKBg6uxGzXnj--5kt4ui6tj4bOWLWMcdB6feWWjyNpo1Jp4YTiX2J0DhBgnpvINeGJqNzaHv6sit7Jr%7Ctkp%3ABk9SR4iNieqkaA,"HP ZBook Fury G8 15.6"" Intel Core i7-11850H 16GB 512GB SSD W11 Laptop (H948)
Opens in a new window or tab",HP,$349.95,1 bid,+$171.20 delivery,Located in United States,,rakicomputers 99.8% positive (118.2K),True,
https://www.ebay.com/https://www.ebay.com/itm/187958586602?_skw=laptop&itmmeta=01M4KA28SXARV8WZCPQJMM92RX&hash=item2bc3346cea:g:1hwAAeSwsvpqyTw1&itmprp=enc%3AAQALAAAA4CHNgUiiE%2FjQhlDTaMiAde%2Bac%2FiRqWDdEn7RPfqVuRH3jgRHeJvnamyJWFCrr7icZI%2BL%2Bco2vgSge%2BwnmzJFDux5zPPwLKVnP2Kazld9hDs1GvlWoYWPF%2B7jt%2Bg%2BM5nJntVjc2CSDXYSx3nKBj0Ta9lZkPpaGGVuE0Lj%2FCw8ScNX5YrsMmw%2BVIekE6XD6yu5kiPCB7vezlO4Cc49fAmnBdHI9hI%2Bf8mLNGtVp9PxjLTg7dHUpVjoNI0jYNkfyn7izDY5xkGLAVBPfvlH3cI4tob2OCNv44hOkJN7lt9k73aB%7Ctkp%3ABk9SR4iNieqkaA,"Lenovo ThinkPad P15s Gen 2 Intel i7 1165G7 2.80GHz 16GB RAM 512GB SSD NVIDIA T50
Opens in a new window or tab",Lenovo,$562.13,Buy It Now,+$34.22 delivery,Located in Australia,45 watchers,bneacttrader 99.4% positive (58.7K),True,
https://www.ebay.com/https://www.ebay.com/itm/198698927388?_skw=laptop&itmmeta=01M4KA28SXKEFFCB766M35G15G&hash=item2e4361051c:g:xEEAAeSwejZqx6o3&itmprp=enc%3AAQALAAAA4CHNgUiiE%2FjQhlDTaMiAde8eUTG64L5rElD9mp1PuiTDnNHvwmi6rVTN%2BJf33U15TmCmUrbzdcoceXj5BP0VZcejzdNlrvmoo2N3g2B71rtZ0cfdLo4AmLM59LQM2o6ScfKTwJfBLvO%2FMALKcei57QGSMhUjzdddBU2%2BFCYAmqgygFqm%2F6BEIO%2FYaSj2yrYizgdS9EdZSiOPZHvIRr54nPQf8rc9Pn5sbqBQKbwQLri6W2PsKsk0ZHZiFPCTBDEwENqPyPudoMGRyxbgbywVtVnARc630ARr5MmuUAovwKIN%7Ctkp%3ABk9SR4iNieqkaA,"HP 15-FD0684NR - W11 Pro, 256GB NVMe, Intel i5-1334U, 16GB RAM, Iris Xe
Opens in a new window or tab",HP,$300.00,Buy It Now,+$98.69 delivery,Located in United States,,scannersnprinters 99.9% positive (3.4K),True,
https://www.ebay.com/https://www.ebay.com/itm/377553029430?_skw=laptop&itmmeta=01M4KA28SX1Z4H2Z8M2J207CE3&hash=item57e7ea0936:g:VNIAAeSwrdxqxr5D&itmprp=enc%3AAQALAAAA4CHNgUiiE%2FjQhlDTaMiAde%2Bk3fKPwaHpbxDboODfLV%2F1t3KiOHtMxTmgXtP4wqr5%2BC%2BpkZzWKBYfoa4ks2DW4TRlJO%2BW8TqsZN7TjgYqontBbYHT5xqrrGEVXYP10g8BSoWV7YuvVepLwWGis53ozhu5iWnaLiX5xqMOAXQW46DUYZA3LeHxLLeMqaI%2BDy7DlM9w%2FF8FtLvJZek%2BZlKKDOZB%2FXmGtJPWQBInYxHd%2BU%2BgoV4AhkleMk673FEer0c7ikw0sQBxYIg0RsQfsDxMsLISRvEa5FJH0nRZi3c1xwI7%7Ctkp%3ABk9SR4iNieqkaA,"HP ZBook Fury 15.6 inch G8 i7-11850H 16GB 512GB SSD Nvidia RTX A2000 4GB (H929)
Opens in a new window or tab",HP,$299.95,1 bid,+$179.25 delivery,Located in United States,,rakicomputers 99.8% positive (118.2K),True,
https://www.ebay.com/https://www.ebay.com/itm/407247478544?_skw=laptop&itmmeta=01M4KA28SXQ8KQW17Q33GY89YZ&hash=item5ed1d75f10:g:O7UAAeSw9Cpqt94Y&itmprp=enc%3AAQALAAAAwCHNgUiiE%2FjQhlDTaMiAde%2BTdgIEZNDzmszSjQJ8SIHTSO2rKQ6oM3HwxuwN8MKtZPzeCXFO814Id0%2BEQj9Ra3DiVsxgcFSWpht5e0vZfONo%2BWtqqEH0Xl5bst3aX1xPQBK054Ucnhx7foW1tCJzYodVnwE%2B8Ns8qUXv%2FPodqxvFYwTax%2FxY%2BQh01OOvq5c%2BRDgaJk4dgKRfvsRx2R3v56aJm9G4BPB4sDv5VA1QGYk%2FGaLnG5uPep9Kx9EoK9bloQ%3D%3D%7Ctkp%3ABk9SR4iNieqkaA,"DELL Latitude E6520 Core-i7 Fast 512GB SSD 16GB DVDRW 15.6 FHD nVIDIA + Docking
Opens in a new window or tab",Pre-Owned,$341.24,Buy It Now,+$136.77 delivery,Located in Canada,,sahand98 96% positive (152),False,
https://www.ebay.com/https://www.ebay.com/itm/920018664209?_skw=laptop&itmmeta=01M4KA28SXHZSJCS2SSB84F1RM&hash=itemd63562bb11:g:g7gAAeSw~yNqxr38&itmprp=enc%3AAQALAAAAwCHNgUiiE%2FjQhlDTaMiAde%2F0PJnxUoc5yWJbILh6UJsqpdtBkBoKf32kbU1bMHW0t1fpbJL4MCl3CTH92pe%2BI%2F0JcyX20CyP3nv7u2VCkDQTpTzM67f3nmvIaFpMcYeAdWm4zEv4Ov27mgnH736wICRKT2kjWkKbfS48h2YJk%2BhlqiwQt%2BtZPMHgvhz%2BqV8TYY0V08YoeOTT79P%2FSEwYud3%2FgD4wVxtgRE%2BLW3ZOVNeVmyN1%2F0dYHE2F5MjOshu8lg%3D%3D%7Ctkp%3ABk9SR4iNieqkaA,"HP ZBook Fury G8 15.6"" Core i7-11850H 16GB 512GB SSD W11 RTX A2000 Laptop (H935)
Opens in a new window or tab",HP,$365.00,3 bids,+$171.20 delivery,Located in United States,,rakicomputers 99.8% positive (118.2K),True,
https://www.ebay.com/https://www.ebay.com/itm/206615873561?_skw=laptop&itmmeta=01M4KA28SXGG5EJCY24179DJFA&hash=item301b440819:g:HjsAAeSwKnRqyeqH&itmprp=enc%3AAQALAAAA4CHNgUiiE%2FjQhlDTaMiAde%2BwHnmQ2043DDymoVme%2B7XcNqk7fgpGfw6oL9OKWMWJTNF7Tk0sGW9qCRDC%2B4IJfk%2B8XWGZwIpq%2FSjFVhddjwRNZ2aq4WTNRkYq5y%2FUw30Iz9D%2B8Xb2JOt7%2FYzTmxusc7velwMLYh8cBqT0iT9xuK0kIngBZA2RC3EuE6hnN40LJiyeIGaEewVJhGPSmxwSfmBm0BXtI9cXgZ%2BviHbzU6AlAYUvTvcgjL5wPq4ByccwysXLxmRxmuKBhTnOYCQMcJVBCozjgXDVkBaAcwCLGGMl%7Ctkp%3ABk9SR4iNieqkaA,"NEW LISTINGNEC LAVIE Note NEXT NX750NAB i7-8750H Intel UHD 16GB SSD 500GB 15.6"" FHD Blu-ray
Opens in a new window or tab",NEC,$339.00,or Best Offer,+$39.00 delivery,Located in Japan,,ktakuya2012 99.5% positive (7.8K),False,
https://www.ebay.com/https://www.ebay.com/itm/407278178961?_skw=laptop&itmmeta=01M4KA28SXE00DP6NK6SGJJAAV&hash=item5ed3abd291:g:rsIAAeSw6AZqR6p2&itmprp=enc%3AAQALAAAA4CHNgUiiE%2FjQhlDTaMiAde%2FAnMwUmkTC2ywolh4AFFEHZskoHLXVqnDLIcOrSp6yFdjIJSteHx6fRRyuhjOf6BlrF6EjCCsKrUz3VpgMEIKcRmIie66nRrDReCKjOyeiIDmHliJzF%2BrclJAQGHRk5za5QV0IbcDp%2BFk3Ll1KiPizlaIG5dwDoRQ06FfBzNMMUlavEUVj2Gc9Sy6Eb03qCNUKO2ntLKMvjKXDqFnIb4qNDUL7H0v0i3neGtQ5rxOmhL55HWUGbNFTaVAdr42GCSMtkK%2FbuWpMP2bI91MwR23D%7Ctkp%3ABk9SR4iNieqkaA,"Latitude 5520 Intel Core i5-1145G7@1.50GHz 16GB 256GB SSD 15.6"" 1920x1080 Touch
Opens in a new window or tab",Dell · 256 GB,$34.41,8 bids,+$168.42 shipping estimate,Located in United Kingdom,,Customs services and international tracking provided,True,
https://www.ebay.com/https://www.ebay.com/itm/398440734023?_skw=laptop&itmmeta=01M4KA28SXJSFDYKGVQGEZPMR0&hash=item5cc4eb1d47:g:bkAAAeSwm0pqv7TA&itmprp=enc%3AAQALAAAAwCHNgUiiE%2FjQhlDTaMiAde%2FlqBHmjfilNFSs9iYCY7djOMEXd6%2FiasM6nCGuX7AkrGBU%2FVQeYLdjz6X766E3xGnxopvZwHA6r0ITzQlplv0Jw9JbWxqQh7%2BGX2dVPVhNxVgvNPx8bnOJehoQwDV220QPgcpxa0gp6iXjKwX3moEhEzZNEoO8YV024iNrzf35febgQA%2BwBEk%2Bh%2FirN%2B%2FzRVp3%2BWMolENl8KOLJeFR2QFMwAWzl%2BW3GDOaLfcwBwGccw%3D%3D%7Ctkp%3ABk9SR4iNieqkaA,"Dell Latitude 5530 15.6 in Laptop i5-1235U 4.4GHz 16GB 256GB NVME SSD Win 11 Pro
Opens in a new window or tab",Dell,$169.40,24 bids,+$152.73 shipping estimate,Located in United Kingdom,,Customs services and international tracking provided,False,
https://www.ebay.com/https://www.ebay.com/itm/257771368839?_skw=laptop&itmmeta=01M4KA28SX4SERJWDD9ZZRBNPB&hash=item3c045ef187:g:x6QAAeSwO9Vqv7hL&itmprp=enc%3AAQALAAAA4CHNgUiiE%2FjQhlDTaMiAde%2F8qNnm%2FF%2B%2F39JuJt02Jxz8at4vPXidSZXypRde8AUdFEK6AHweJQl6eBV5bGyOhTmf5tBzsKBUOUnLjSr3nvhwFSbMSKs8uJurIo9xLnhefOdV4XbVI6VBSKpQsJsLmqB0RnQawYKdhma%2BubrJ6Qh%2Fb4FJdqMmP%2F26OqiKHApZV4DT3UqAZXfJbpwfnJ4b9a0gK2JOVDQBKPd21glbJwgEcV9dpoly0AGCL5hCkot9b2Lsqb5F0aZDM7QVFyXQaBF%2BxOk2grw0qykXT7sfT0%2FJ%7Ctkp%3ABk9SR4qNieqkaA,"Dell Latitude 5511 15.6 in Laptop i7-10850H 2.7GHz 16GB 512GB SSD Windows 11 Pro
Opens in a new window or tab",Dell,$97.93,14 bids,+$171.98 shipping estimate,Located in United Kingdom,,Customs services and international tracking provided,False,
https://www.ebay.com/https://www.ebay.com/itm/226680824615?_skw=laptop&itmmeta=01M4KA28SXJ30TCYNFNPBQQYZA&hash=item34c73ae327:g:dfYAAOSw455n8TKU&itmprp=enc%3AAQALAAAA4CHNgUiiE%2FjQhlDTaMiAde82MaOJp4mO8Ve7wfVP2fTh%2Fy5IvQlaObtnFColwbBh7ETc7HAOdXTlAWsT8CKNUFlMQQUPU1egY8Sht2yHqGAhGBxRhrx2frv01E5vhBUFHg8OMyg1F4i3mJks%2B7hNLOF6vq8TdaNXW5p88OvszqNyPwyLOxi86uQnGYfpGWg6F6vZAAjZv%2F8%2BBQmSJ92pxpdWFxlkZtb7NifHMxbhZYiJTlR%2BNBP36zyEplq%2BqrNSfeRSDCGigrsc3ZmY%2BlMU35c8hDhWiWDpDMq1gemwk6ym%7Ctkp%3ABFBMio2J6qRo,"CHEAP FAST Windows 11 Laptop 15.6+7inch Dual Screen 16GB Ram 1TB SSD Notebooks
Opens in a new window or tab",Brand New,$850.00,Buy It Now,+$20.00 delivery,Located in United States,37+ watchers,lumos-store 33.3% positive (6),False,
https://www.ebay.com/https://www.ebay.com/itm/318647865508?_skw=laptop&itmmeta=01M4KA28SYA7ARD76TSGSWP553&hash=item4a30e490a4:g:vrEAAeSw-ABqaQil&itmprp=enc%3AAQALAAAA4CHNgUiiE%2FjQhlDTaMiAde8IEu0HNSntzoUEm9gFN9jDanu0r86zxuLW9CHUHgCbLkLLI78LPbkdXbk3SrTe8tD9je4DKLxyyU4yy8DxzNpsbpIVGe0P5IF0guk0uI%2BmYbExa%2BsqiY6JALGIokOt%2F8Fie%2BbNrkvcl1eFkm3IZG%2Bm%2FDNScOvqv7M%2FS%2FwcA7Pq33HvQ02%2FcQ3mRLoOudonom3o1atj5qR8vsKrDdxKOsgSTEShbGOWtb4JTnGrPvH0NQArs6LAjbpbbY5sKG2G5A1KGcr4QUjK%2Bb4VWzAT%2Bu9Z%7Ctkp%3ABFBMio2J6qRo,"XPG Xenia 15G Intel i7-13700H 16 GB RAM, 144Hz, RTX 4060 Gaming Laptop w/Charger
Opens in a new window or tab",16 GB,"$1,099.99",or Best Offer,+$121.73 delivery,Located in United States,13 watchers,kryptokevin 100% positive (151),False,
https://www.ebay.com/https://www.ebay.com/itm/376036917553?_skw=laptop&itmmeta=01M4KA28SYNJ92QDCTMKFWVCF1&hash=item578d8c0131:g:rcYAAeSwDNBnvjeB&itmprp=enc%3AAQALAAAA4CHNgUiiE%2FjQhlDTaMiAde%2B8rhWWKufIzMZbMvvpNXcaswCsAH6XDrXP%2BfqPbIdYwCppDKFBBse7V%2Fj399mT37IjkBXDCz%2FyQFV9LHuz%2BHKDw2zLBTaMhyzmZlzo1kG%2BTMaxRuJJGWS9faVD2HwFfPTj9TCaakPexHa%2Fw5F8hkDkpQJ5XJmh3BAT6TDd52YDFIdNgp8XW0hTyFk26Ayh6iRlW4vkvj03nTCnocdWt%2FdhgtFb8yyO9Yi%2FEMlUWuUw6eda2WtH1Fk%2FSndgMw3mgshB7oZ3kgy2jbSOHMOSyf7E%7Ctkp%3ABFBMio2J6qRo,"AOC 15.6 Laptop Intel QuadCore Processor 3.6GHz 16GB RAM 512GB SSD Windows 11
Opens in a new window or tab",AOC · 512 GB,$800.00,or Best Offer,+$98.69 delivery,Located in United States,,lucariz-0 0% positive (1),False,
https://www.ebay.com/https://www.ebay.com/itm/820192332487?_skw=laptop&itmmeta=01M4KA28SYKPS0YZ90HR6AWN1H&hash=itembef745cac7:g:IzoAAeSw8wtqvhlE&itmprp=enc%3AAQALAAAA4CHNgUiiE%2FjQhlDTaMiAde8ypHk0ICSrTkmeBqrrvA1ndZ10ItObdlV6v2mQ14Gs8PMqaPPdqafQMfhCMB%2FW5T10brt%2F6i3de9vn0mtG1Z54NBZHdJVQBBrxAB9HYk0lsihlV07T%2BVEG4d9PjQkAaXRme4OxFeNpbvEAvr0OzpqB9PTU8Ny01%2FqkOSzDmEHOd6%2BT%2BNSxlhLkN4iNBI%2Bge8gTlPI%2FicQapoBdwZtIaAn2%2FTd91y0%2F85QmViOzEt5bHrOeqUVA5Jing3lXd%2BIzMOzn1XJKdTaq5wrEoeoFbb%2Fe%7Ctkp%3ABFBMio2J6qRo,"ASUS BAPE Vivobook S 15 OLED K5504VA-MA253W i5-13500H 16GB 512GB SSD Laptop
Opens in a new window or tab",ASUS,"$1,290.00",Buy It Now,+$50.00 delivery,Located in Japan,,japan_gooditem 99.5% positive (2.4K),False,
https://www.ebay.com/https://www.ebay.com/itm/920018662550?_skw=laptop&itmmeta=01M4KA28SYES257BDWDXWGAQPP&hash=itemd63562b496:g:CqQAAeSwkJlqxr28&itmprp=enc%3AAQALAAAA4CHNgUiiE%2FjQhlDTaMiAde8bzv0uljJtyWxQyGfB2BmcaPmv4xYl7b%2B4tw5VXKcDcXYou1GMBUsF%2BWxZLCfq8TYQ1cpIWbjZevl7%2F1TlGO%2F6innbKPKBZ149D0AW8zGi4fE9G9NPTYEPPfTuclVqWZjDcl%2FdmoEGDrUGAAAJGh3%2FIhDQtOyf%2BacPrxX4XqbvSBzwaj3kiUOUbnIquzTIB38UxRdq53sGgZ7VSN3HsIgZM2gBJc76Q9TZiSFfYOGJ4qN7w2zDefDwRwWS2gGAsprGPjqOPMEDMdLMmdivu6lB%7Ctkp%3ABk9SR4qNieqkaA,"HP ZBook Fury 15.6 inch G8 i7-11850H 16GB 512GB SSD Nvidia RTX A2000 4GB (H937)
Opens in a new window or tab",HP,$365.00,3 bids,+$179.25 delivery,Located in United States,,rakicomputers 99.8% positive (118.2K),True,
https://www.ebay.com/https://www.ebay.com/itm/255959774697?_skw=laptop&itmmeta=01M4KA28SY48Y8QZ5RR0QE0PCN&hash=item3b986435e9:g:9V4AAeSw5Jpp4shg&itmprp=enc%3AAQALAAAAwCHNgUiiE%2FjQhlDTaMiAde88qBVfkMkxSudPAuSOncRZSofxqheuzJ1EG19t2FwfTwCK%2FcbaRemOCvuTq46KI%2F5NOsaPufUHxEnUljPfU8kPfekA0xnlCtsVZgmRqbFp%2BRvhxcv%2BRF%2BavW4ajdAeMmIX9D9l8KqPIBrcnN1kaC6UT2MEW6or4Tpl9GOY70KIBFr6zVaCzRZD%2FCoeV6pFlm6DE5%2BIQTNm6%2F1f5oWge4bLSaF73vGXpnmhfZUBJ6SPxw%3D%3D%7Ctkp%3ABk9SR4qNieqkaA,"Lenovo Thinkpad T590 / 15.6in / i5 8th / 16gb / 512gb SSD NVMe / Win 10 or 11Pro
Opens in a new window or tab",Good - Refurbished,$315.63,Buy It Now,+$129.76 delivery,Located in Canada,159+ watchers,discountedcomputerscanada 100% positive (1.6K),True,
https://www.ebay.com/https://www.ebay.com/itm/365057751280?_skw=laptop&itmmeta=01M4KA28SYQ0D4PFR6VJRX8WQB&hash=item54ff2338f0:g:NtoAAOSwqO9m64PR&itmprp=enc%3AAQALAAAAwCHNgUiiE%2FjQhlDTaMiAde9Oc6NjuSl8sYZTJTOg%2Bpu2VbL%2BrvbqRzH5oP9sxE9rXm506sN%2BAx%2BOECgNpy6P9aQ7I3t7HHt07ry1GtoV3895pk4AlsqLhqObjKpwBlTKWB5REurDg0pxOJTXfSFzL%2BAF%2Bdn7r0Kzp7yFQKhhxPYJWQ5i7UKb6Cr4Ei4%2BJHAzK%2BumKo0QQKTIsZY51IG7xtqPsTuKu0gBzCWxlgorNfE6yYhwtboX4hlHHa1krVDLLQ%3D%3D%7Ctkp%3ABk9SR4qNieqkaA,"15.6"" Ultra Slim Laptop 16GBRAM 512GB SSD Intel N5095 1900*1200 Office Notebook
Opens in a new window or tab",512 GB,$339.00,or Best Offer,Free International Shipping,Located in China,48 watchers,jinanyua19 87.5% positive (21),False,
https://www.ebay.com/https://www.ebay.com/itm/267808784175?_skw=laptop&itmmeta=01M4KA28SY95KYJXSC6CWJ8ECD&hash=item3e5aa5bf2f:g:wLMAAeSw1qlqyNxD&itmprp=enc%3AAQALAAAA4CHNgUiiE%2FjQhlDTaMiAde%2B4rWou4bpoKMHTCjQxDBWov1kO5Q81%2BGVYqOVmoQsmWPKtrPOP4bnGwN4VAVV7uxeAbiL70uimEAtibYfJRw4hQ8bVTeBQGnw%2BY1R0ZbcojVLjpEgoggFM0i06pzK9wnQmg10EwWnv8kO6mCASihlE%2FP4M%2BgMJRuWM%2FdKpAidyK4SLGmw47YEotumkr5C14p23P0N0YLKxyA%2FQ%2BCagvw1NOo4dARnXshlEJLL6jBVsUcRRJBtOaMCc%2F488GRZw0bngJrcdfkn0zFjCo83222YA%7Ctkp%3ABk9SR4qNieqkaA,"ASUS ROG Strix G15 Ryzen 7 6800H RTX 3050 16GB 512GB 144Hz Gaming Laptop
Opens in a new window or tab",ASUS · 512 GB,$766.25,Buy It Now,+$217.06 shipping estimate,Located in United Kingdom,,Customs services and international tracking provided,False,
https://www.ebay.com/https://www.ebay.com/itm/358426232264?_skw=laptop&itmmeta=01M4KA28SYFZK5VKRG9BPDG15Q&hash=item5373de45c8:g:m64AAOSwW-ln6kdj&itmprp=enc%3AAQALAAAA4CHNgUiiE%2FjQhlDTaMiAde83%2Ff5VX1zV1%2FAr62hccYmDsTv8SnbM7LR7hAHF%2Fw%2BzWOrY7KQLgpYZUzT9WbkH5%2BK2YU0lHBN2vkYU2xmoFi8R0CRNCFZXv5kcAPc6gIrVZNNFHEcWtV8o--%2Bz6%2FrIC4orzB%2BPG%2F2aW2sWqSPLoqchAZB3z93GJtUoFlT6YwU4CInfO1%2F5Yw3NC68mPllI4aJkzmmEdNcqDA8j5uY2tOUQlh%2BcDp0wRDdAHtt%2FPL97UnSxMWk18t5FVvG7%2Fj0obAgb%2FfKKbGwcxmNoTWWok7wR%7Ctkp%3ABk9SR4qNieqkaA,"CHEAP FAST Windows 11 Laptop 15.6+7inch Dual Screen 16GB Ram 1TB SSD Notebooks
Opens in a new window or tab",Brand New,$802.19,Buy It Now,Free International Shipping,Located in China,,amberdream-9 99.1% positive (2.3K),False,
https://www.ebay.com/https://www.ebay.com/itm/900002439926?_skw=laptop&itmmeta=01M4KA28SY2RPSYJQV3FK6T9QE&hash=itemd18c5362f6:g:aaIAAeSwN9Nqyd5j&itmprp=enc%3AAQALAAAA4CHNgUiiE%2FjQhlDTaMiAde%2BlaJ2mv11MimGRxCOoMwAykTI9HyipRZ%2FrABrU23io1Z9im%2FqyqumTFtv1A2lfLcTmoj9YR3dH1A1P2EZbyfNPsN8jv5rOVkzkvmtQfzVh0rVJynyPJGVjPykvmUyw9vC0eg%2FSH64p0b9Sgyv3vvy5ML9j7S4wHpgsb0sS9%2B6DKHl1ZrDf25CapansYoxdDekEikO3LPdmFxVJLuJntyqDBkD8Iq9SNCfNK0B%2BKAd2ZOEB5v71QWwiEWlpdyGuzTuhybyhmsWyndvGLyWTTBxq%7Ctkp%3ABk9SR4qNieqkaA,"NEW LISTING2026 Dell Laptop Inspiron 15.6"" Touch Intel i5-1334U 16GB RAM 1TB SSD Win 11 Pro
Opens in a new window or tab",Dell · 1 TB,"$1,580.00",or Best Offer,+$98.69 delivery,Located in United States,,jam_11627 0% positive (0),False,
https://www.ebay.com/https://www.ebay.com/itm/377336138086?_skw=laptop&itmmeta=01M4KA28SYXQ51GGWT92ER8QNM&hash=item57dafc8966:g:TVIAAeSwjYdqUmfg&itmprp=enc%3AAQALAAAA4CHNgUiiE%2FjQhlDTaMiAde%2BHCVi9xhii1F%2FPFEafi6wTS%2BIXJHY0OJDvxu8sG8%2Bd%2BiAOouT97OGG%2FR5Nr55dZTT3Kb%2FERmQiijhR2e75QrmVDEdIpD0bB%2FAZ0%2FEU0SPvMxxQzFR%2FOO%2F4mKok4kCp7R%2FfmHdNf1f%2BHCHcP9YxpXNJgbEn54bkH%2B%2FLhFRqPRdWw0n3iiYLjPcYgXt%2B4TS3gkHbzLYVb%2FibI7sRPx28Or0sq0aAuKvoylbOYN3AC5%2Bu2hK8X2P1c5hbm5ND2mSHdUEzTqzUSpq4%2BW%2Buxp9cCEmK%7Ctkp%3ABFBMio2J6qRo,"Dell Vostro 15 5501 i7-1065G7 16GB RAM 512GB NVMe. Read Description
Opens in a new window or tab",Dell · 512 GB,$230.00,or Best Offer,Shipping not specified,Located in United States,,praoguj0 100% positive (71),False,
https://www.ebay.com/https://www.ebay.com/itm/178195604002?_skw=laptop&itmmeta=01M4KA28SYAP64SYP5374M65QS&hash=item297d492222:g:664AAeSw84pqIvHP&itmprp=enc%3AAQALAAAA4CHNgUiiE%2FjQhlDTaMiAde9YZoriRE1iPzKHORsKKkCqXdsHrTVmJvdp%2BdpEO9tN6tIhnSsBNSpbRrZ%2FaH4ntp4Tz%2BTwD24W0Oe5byKhWk54jdBJR7IZbnxgiTjI%2FM7GMp8OvKHe%2FrdCjiQqzIRmuPIaCZzmaKLkanV1EsS64mdWqNdmnTo9%2F7GCC4ajFhgRJAx%2BT889tjHcmSOMFjGD6lbbm%2FdolKnhqzZ01n4%2F4tNdrgiYSqYZHCIfcXG43NnYrpjFkqS%2B5eAqWMJuk7ZSzL4k24D1y0WBkgVLV9hUxqND%7Ctkp%3ABFBMio2J6qRo,"Touchscreen HP Laptop: Core 5 120U, 16GB RAM (1000$ + VALUE!!!) Model: 15t-fd100
Opens in a new window or tab",HP · 256 GB,$321.00,or Best Offer,+$98.69 delivery,Located in United States,19 watchers,nawres_shn 100% positive (6),False,
https://www.ebay.com/https://www.ebay.com/itm/168759171241?_skw=laptop&itmmeta=01M4KA28SYQ8PF0SZF3PAYNNCP&hash=item274ad498a9:g:ZWIAAeSwxn9qwTJf&itmprp=enc%3AAQALAAAAwCHNgUiiE%2FjQhlDTaMiAde8Uh1OPDTI6Hz9e2YDJXl8JFggLo15v%2BdRDDdfsdAISYqcu0ytCmd%2BfaNz2C6N6RKwMc5NVr5tzZCVUBNntWjaaBrU0krk208gGmrG2SkGlU0hYFbdmHp4rFblicJwAmZnnUcnXJxc8z7xAZJAHEd3oteArc%2BwjtT5wRL%2F2ekho5rOgZUM%2BfOYqvWkRy3a73isMuh2JkNvmrO1izawxMC4Ry8a3h1fO72Z40knaHPKZVQ%3D%3D%7Ctkp%3ABk9SR4qNieqkaA,"HP PROBOOK 450 G6 INTEL I5-8265U @ 1.60GHZ 16GB RAM 512GB SSD WIN 11 PRO (MR4VO)
Opens in a new window or tab",HP,$83.44,18 bids,+$181.68 shipping estimate,Located in United Kingdom,,Customs services and international tracking provided,False,
https://www.ebay.com/https://www.ebay.com/itm/398440733959?_skw=laptop&itmmeta=01M4KA28SYNG6AHREZQX8S3HE3&hash=item5cc4eb1d07:g:RvcAAeSwbkVqw87j&itmprp=enc%3AAQALAAAA4CHNgUiiE%2FjQhlDTaMiAde%2BzI1yzmgSy10BNAm5rLkkAGCoigs8uTtCrJtVaHivhqEs6QGrDEzmT4wwhrmO%2BUTIFw%2Fr0zFanoa3vzDvT3wiTjcvI%2BcoU6zsvaXdSC%2B8qbBFUsFNCMrrjMMn%2Fko3CE%2BT2Q4sP1%2F4i0rhXBI9buWDN7utsKWRyFl%2FuQAFALG4%2BpY2Q4ssd5mTEjNuw4hPCwBOnQTMgKCS%2FQ1LlUxld7M3zGpdf%2BAUiRb6bCxACv6n4aD9Too3GlmcLJK7i7PV0htSF1hRcCJ3Gks4iMM5kF4Om%7Ctkp%3ABk9SR4qNieqkaA,"Dell Latitude 5540 15.6 in Laptop i5-1335U 1.3GHz 16GB 256GB NVME SSD Win 11 Pro
Opens in a new window or tab",Dell,$54.26,10 bids,+$146.29 shipping estimate,Located in United Kingdom,,Customs services and international tracking provided,False,
https://www.ebay.com/https://www.ebay.com/itm/257790577347?_skw=laptop&itmmeta=01M4KA28SYFPEDEEBMRHQRJT50&hash=item3c05840ac3:g:I-8AAeSwK8dqyQ9Q&itmprp=enc%3AAQALAAAA4CHNgUiiE%2FjQhlDTaMiAde%2FNKIfX9q3nC%2BfIQHixFbE9tjVqb0ipzAg0eBE%2FMxCgq7LidAEUudCdT6T58p5EwW9TEcldohWvFPN5wqHeQgJwIcgkJWV4NKvJUtJO0QDxyYIgfAS%2F3yT9vBzQaUiIHG15HylARLUlEMTU%2FtrOK4pRJvYFOa0CB0v71bKH%2B%2BsJZUr%2FVgV6zQPX939vSbb8g4o1IPGWOp%2BNpw6G6V2TcCVSSbPg4Vd7o3f8HFDA1Ih4XjQtfFn188uLvLbT5BhJfzpz1of%2FemLdKCux9qBvl%2BB4%7Ctkp%3ABk9SR4qNieqkaA,"Dell XPS 15 9560 I7-7700 GTX 1050 16GBRAM 512GB SSD Touch Screen Win 11 read
Opens in a new window or tab",Dell · 512 GB,$236.89,Buy It Now,+$254.87 shipping estimate,Located in United Kingdom,,Customs services and international tracking provided,False,
https://www.ebay.com/https://www.ebay.com/itm/186124112869?_skw=laptop&itmmeta=01M4KA28SYS1QCM9YP34DB2STR&hash=item2b55dc93e5:g:MbwAAOSwcE5lLbbn&itmprp=enc%3AAQALAAAA4CHNgUiiE%2FjQhlDTaMiAde9i66Uo%2Beq%2BClQU8Gbm5pV0zfZPr3VSwROBN--fVhLIWlMG80dSuckMJmg%2Fo3x9xF0Te94eGrrXo4x%2FcCr0Euv72CG1EZpuGgEP9W%2Fo1s1apByDaQkjUxIaBMSh%2FDpkbXhxIAAF9XN62Z1iecZuIj5AiAdjj8QEgTjGv3AybJoeEaz8RkoMl%2BeVhPdE2dq%2F6zxLAKhGzZ8XaXorcZVAVciMNJd0Zo2yxHVCc9hEeJK8haDF8k%2BSy6w3wqbgrzopX%2Fn%2FqZyLLV3P6z9ZLXMrjXu8%7Ctkp%3ABk9SR4qNieqkaA,"HP ProBook 650 G4 15.6” Core i7 8550U 1.8GHz 16GB RAM 1TB SSD Win 11 Pro
Opens in a new window or tab",HP,$355.00,Buy It Now,+$474.89 delivery,Located in United States,134 sold,pioneer-surplus 99.8% positive (10.4K),True,
https://www.ebay.com/https://www.ebay.com/itm/297684466141?_skw=laptop&itmmeta=01M4KA28SZHY8DQK06GPM97S71&hash=item454f6079dd:g:WzkAAeSwNn5o7o12&itmprp=enc%3AAQALAAAAwCHNgUiiE%2FjQhlDTaMiAde%2BvkeD7qTIySq%2Bq4x%2FK4rlwqWRFWg4KGjiA9vwGb893SIhXrK5rR7xADOmhze1I1Icbu%2FbIjIwuqKOLYgcFPYyql1iaLmAZW9gg3qbJkZ74%2BUiFWmJJABNWAmtvc6tQqSMrNghqkIGSTVazG1hXMDLYmVYFRiupw8xkq26%2F960MoreepvnBgc5WrEbG33XS9GsyRLRaCXk%2Bd744L3bcxi5e1uNpKFmtWp0CLzLpmpBVjw%3D%3D%7Ctkp%3ABk9SR4qNieqkaA,"HP ZBook Firefly 15 G8 15.6"" i7-11th 3.0GHz 16GB RAM 512GB SSD NVIDIA
Opens in a new window or tab",HP · 512 GB,$379.99,or Best Offer,+$246.73 delivery,Located in United States,146 sold,luckywolf29 99.8% positive (59.7K),True,
https://www.ebay.com/https://www.ebay.com/itm/188579788354?_skw=laptop&itmmeta=01M4KA28SZG6W8W6TFRAS8S6EB&hash=item2be83b3642:g:oaUAAeSwcIlqQ4KT&itmprp=enc%3AAQALAAAA4CHNgUiiE%2FjQhlDTaMiAde8bADhof9C1pOAd1%2FsTTZnlQsdcoCf%2BnGg1FURItjHuMNOsys%2Bcfi0%2FzUbuuDfuvBSMddC%2FqJfEPWQVyqssBy4fVT1NBDGAs6fvQ8D0lDP4ahp8K0uDI7KUyQOoPi0fwVdfKRH1pED1kLUCDRB%2Bt0MoHI9EH6KTnKGYTr7w716NOaaMqVTdCb%2FvABeAi29KBkKDQziwyTweDNwx8H8%2BkFOvqn30kwhQGnFi3gDhKfQNcP6HQuWdXwBrNEUqut7PWoJmeD89CE3liZLVUItxV6ai%7Ctkp%3ABk9SR4qNieqkaA,"DELL 15 Intel Core i5 13th Gen 1334U - 16 GB/512 GB SSD/Windows 11 Home
Opens in a new window or tab",Dell · 512 GB,$769.00,Buy It Now,+$28.90 delivery,Located in India,2 watchers,one.stop.shoppee 99.1% positive (3.6K),False,Last one
https://www.ebay.com/https://www.ebay.com/itm/820200907590?_skw=laptop&itmmeta=01M4KA28SZGKDNDZMM2Z2FPNET&hash=itembef7c8a346:g:jcoAAeSw5s1qwZRx&itmprp=enc%3AAQALAAAAwCHNgUiiE%2FjQhlDTaMiAde%2FCmQBpjeQQyWdJfycqwkDafNUihxbljr7JnaLTUc%2FgxTF5vjlT5gnnVi0rXqB3KGcwEwvI3sKdx5O%2BWbaFkzmnuuEIX6raOa1KGUSrMv2JP5q%2FFFmhFHC%2BviaxPMNn6ohilCD1v5EpPVGuVtvGEOT5C%2FVB%2BskBH9jJ7TNvMbFUXgKhZq4HxIh6e4a%2BM1PrYf3JAXdVzT1O8X6xi%2BHZjweSfvagMPbeIVo8Ppr5xJDl%2Bw%3D%3D%7Ctkp%3ABk9SR4qNieqkaA,"NEC LAVIE N1555/CAL Ryzen 5 5500U 16GB 256GB SSD 15.6in FHD Windows 11 Laptop
Opens in a new window or tab",NEC,$481.58,or Best Offer,Free International Shipping,Located in Japan,,japan_shop_71 99.4% positive (3.2K),False,
https://www.ebay.com/https://www.ebay.com/itm/307215091664?_skw=laptop&epid=25067167983&itmmeta=01M4KA28SZPHHXJZ47E1P3WFEJ&hash=item47877247d0:g:eKsAAeSwGgtqw5z9&itmprp=enc%3AAQALAAAA4CHNgUiiE%2FjQhlDTaMiAde%2BFMfSd0PQgVq3BoCOUKtlLLpnpfjLp7QOziVyoKNBZpn8ecgK%2F0Rn2FV4P20OJXb0%2FFIQsvLPDK4vDa3J69Ak%2BBl%2ByA8mQ6pBu5uOpjciQnB2U8vZ6Yz6%2ByEn6Ej%2FLrroNBpEPRkGmoAVFvqVktLjobifk2Bnm3ILRJpIen--aKIo7rGEetuqpilNL76AxggQRLUFF7n%2FeHhH6F2R09CfZKuFljXe9jCksaPXedRViaR9us%2FInbOTJdC42l0kJEaanbZvA%2FzsR6dEublFHDmxC%7Ctkp%3ABk9SR4qNieqkaA,"Lenovo V15 G4 IRU (83A1) i5-13420H 16GB RAM 512GB SSD 15.6 Windows 11 Home
Opens in a new window or tab",Lenovo · 512 GB,$315.96,Buy It Now,+$260.07 shipping estimate,Located in United Kingdom,,Customs services and international tracking provided,False,
https://www.ebay.com/https://www.ebay.com/itm/256517029471?_skw=laptop&itmmeta=01M4KA28SZ8BX2CYXR5NMNPPGK&hash=item3bb99b3e5f:g:k38AAOSwPflmSmB4&itmprp=enc%3AAQALAAAA4CHNgUiiE%2FjQhlDTaMiAde%2BbIObeO2oYsYxAQJ%2BJV%2B0aALohBYcc7jaVDyYGvH8RR57VKDuNAEeeyNOPJSqpztTZN0rDzGBeoQtzPBGmrEboaXX3Jpnk2czgDIG%2BJsED1dKnOQqT1cyXp6ZlhngHfsEjzRBKH59v8W4zrBy%2BUHnpaX8D2MLj8JYE0sRFwl9%2BGF4OCfVP%2BqMxqNIm4y8WTJptxggjxAGQ1s5erqDYRYzT7uof%2BUgiS30VeplDS9Xv2Bow89zhibiKf%2FHKTWJHDdDlXhAIB6Pz%2FBKGFQ5pKO1U%7Ctkp%3ABk9SR4qNieqkaA,"Lenovo Thinkpad T15 gen 1 / 15.6in / i5 10th / 16 GB / 256GB SSD / Win 11 Pro
Opens in a new window or tab",Very Good - Refurbished,$378.75,or Best Offer,+$129.76 delivery,Located in Canada,,discountedcomputerscanada 100% positive (1.6K),True,
https://www.ebay.com/https://www.ebay.com/itm/198042789392?_skw=laptop&itmmeta=01M4KA28SZC7082Q3S5A2HM8C6&hash=item2e1c452610:g:kPAAAeSwL~xqyhf6&itmprp=enc%3AAQALAAAAwCHNgUiiE%2FjQhlDTaMiAde%2BEbm0ZEe29FMbd9hYVMquTgCRTYZp4Cv41g8DCU2ntuSPHF8FQhu2rWmP8KDBEwkGSrpLvcAeW55VVO0s7kh--esqZsHjsXLf6LZMdkEr1v2Ob2SBR4Y%2B30lL%2B%2FdiGyfjDbTogYC6SH82cJ5A2EDBzypZJD9n4yrw9%2BzzNpDSoA2Nty5aRcoJ12P2ksjY9jWxkiEcRVQPPIcD2swxehK%2FYVMloMAEVZ2QUoy6eDwvvtA%3D%3D%7Ctkp%3ABk9SR4qNieqkaA,"Lenovo ThinkPad P15s Gen 2 Intel i7 1165G7 2.80GHz 16GB RAM 512GB SSD NVIDIA T50
Opens in a new window or tab",Lenovo,$548.17,Buy It Now,+$34.22 delivery,Located in Australia,,bneacttrader 99.4% positive (58.7K),True,
https://www.ebay.com/https://www.ebay.com/itm/267779605140?_skw=laptop&itmmeta=01M4KA28SZK4KYJW3EG9HPJA3W&hash=item3e58e88294:g:OxEAAeSwVzdqkagw&itmprp=enc%3AAQALAAAA4CHNgUiiE%2FjQhlDTaMiAde91Ll21rgkHlGLCtNPpUGO%2FxPY8KfDEIkGPr%2BPOSJb%2BiuGprb6jXuwH6FXyZyhNoA8kmqfK%2BLRdXVbRIef%2FCqRC2B3dykOC7QZs%2B%2B3uzH9r0FdxDvv284bDqFdm%2FzuvF68ZERk2fYNajqYlH7FZXfi1S0igNfc8M8fKTcyLXOeVisAtfjSbNoSTreCTWI6pJPEnT6BG5VEGLT%2BpQVk7comnYs9xgWFz3Ggob27bKp4BVH03eWlZhcSCUGTEy%2FRm%2Fd1RFXqoX%2F1plSjIwnd%2FfNn3%7Ctkp%3ABk9SR4qNieqkaA,"HP ZBook Studio G4 15.6"" Workstation Intel Xeon E3 16GB RAM 512GB SSD Win11 Pro
Opens in a new window or tab",HP · 512 GB,$226.00,or Best Offer,+$98.69 delivery,Located in United States,Benefits charity,headsetadapterco 100% positive (1K),False,
https://www.ebay.com/https://www.ebay.com/itm/267809407312?_skw=laptop&itmmeta=01M4KA28SZPMQTXWCMSC4FJJ2H&hash=item3e5aaf4150:g:BoMAAeSw96NqyY4A&itmprp=enc%3AAQALAAAA4CHNgUiiE%2FjQhlDTaMiAde968EqeFng4w%2Bo7RDlwe%2FyBGR%2BNrF%2BMcLPG6DYTXTa77QKtsEeTqVuHNnZYHsHgn9FCBp9FTcc2vZiMKWOdkS9yha8uYdXpk3Pzisk3O%2FLrcrMnvtJxtsL3a8w88UgUJS05qL1neGhodG%2Fu7NHRcPQnMEdyqt%2FX8V7KeMa9u2omW5SPN5HbUR8877F%2BAoOcsi2vEwQ45rqeZvY5a%2FZU4aZtV1iQijSxacr2jEdpqrD8SNQsTcbcvSis7fso1KnupK1dJ1Nzf4fofMe9JX5%2F3aC7%7Ctkp%3ABk9SR4qNieqkaA,"NEW LISTINGLenovo Legion 5i 2026 Ultra 7 356H RTX 5060 16GB 512GB QHD 165Hz OLED Laptop WTY
Opens in a new window or tab",Lenovo · 512 GB,"$1,891.14",Buy It Now,+$289.60 shipping estimate,Located in United Kingdom,,Customs services and international tracking provided,False,
https://www.ebay.com/https://www.ebay.com/itm/278274387085?_skw=laptop&itmmeta=01M4KA28SZ54WP5JY3JT93NG2Q&hash=item40ca722c8d:g:Iv0AAeSwjgRqfRC0&itmprp=enc%3AAQALAAAA4CHNgUiiE%2FjQhlDTaMiAde9MACz1sp9BM4KwJeUPhOwgCCPovsibB8CYfcN3OhLchQ9Xh7e5mwcWRzOPgoBOTNjVhIiADAS%2BmOgBUJO4nqpb%2FSYEaCEw1bVXEtuk%2FIz4xJdemtNUmcQmupDe7DeFYjVnXI4bULHTSu%2BB4%2BK2xB2aIXNN8B81Rn%2FA5A90u%2FQAmLmLvOSgvl4zXgRhavcJSyrIZ72yqaGRfelZERKhEniJXfbqVqBboWfWsaHnD1k%2FxbFGmE8aApIdIqbzsAOAIvt--esGA2ZTXrjkcRR2KYFL%7Ctkp%3ABk9SR4qNieqkaA,"ASUS N550JK 15.6"" FHD Touch Laptop i7 16GB RAM 2TB SSD GT 850M Windows 10
Opens in a new window or tab",ASUS · 2 TB,$436.71,or Best Offer,+$76.76 delivery,Located in United Kingdom,,blazingit 99.6% positive (328),False,
https://www.ebay.com/https://www.ebay.com/itm/407009354476?_skw=laptop&itmmeta=01M4KA28SZAFZZG7QGWD7GHVGK&hash=item5ec3a5e2ec:g:hyAAAeSw8ShqMyNc&itmprp=enc%3AAQALAAAAwCHNgUiiE%2FjQhlDTaMiAde%2B%2FTUwXFw%2F5RZD0BDHyPhyrG5oIXGu84vaK3AXolGqn%2BU8wSJqQ2TtCUafl0fxCmg%2BHzDCFYmSMBZWOhbEqzQ2R%2Fi7bZxzAQNFaa2mOr6sCkUCBmhsAFYe%2FH0x%2BXNpwUgvh735uFeZQpdZPloFXQZ5VPk06uoof6Yq5aMPYF11PSRc5HHpXI1Pya%2FitjaJVr7bl9mdHbj59H3SmQd9vdU%2F4oOJXEm0%2FjP8PkZVDHOKsnA%3D%3D%7Ctkp%3ABk9SR4qNieqkaA,"Dynabook Tecra A50-K 15.6"" i7-1360P 16GB 477GB SSD Win 11 Black 2023
Opens in a new window or tab",dynabook · 512 GB,$645.00,or Best Offer,+$83.68 delivery,Located in United States,9 sold,computercentral 100% positive (43),False,Last one
https://www.ebay.com/https://www.ebay.com/itm/198578351243?_skw=laptop&itmmeta=01M4KA28SZWB325E5VRTQYD8QY&hash=item2e3c312c8b:g:LIUAAeSwpBlqyeSX&itmprp=enc%3AAQALAAAAwCHNgUiiE%2FjQhlDTaMiAde%2BPtcjfmSoiSOe9u2VxTAbudj%2BxrrPrKvtAdyo%2FgKdgYlD%2BgU1PfS%2B1Sy8dk5wfst7m43gMoDvT2s5A7jRauUeZMuqmnRvsWW3gQ6cXVXvkgh1i3SkItZP9V4qLN%2BUwbH4iKiON1cp28DaiVTlv4wNn%2FpdIKNoGQgFR%2FVmCiAYPl2bwsZAbkp5ChcNTqpPDEcORdJcwz9CUcMvRsJzXk%2Bl8cy3Le6fm%2BMyjvfHtzZhOLg%3D%3D%7Ctkp%3ABk9SR4qNieqkaA,"HP EliteBook 650 G9 Intel i5 1245U 4.40GHz 16GB RAM 256GB SSD 15.6"" Win 11
Opens in a new window or tab",HP,$453.20,Buy It Now,+$34.22 delivery,Located in Australia,Last one,bneacttrader 99.4% positive (58.7K),True,
https://www.ebay.com/https://www.ebay.com/itm/168542630398?_skw=laptop&itmmeta=01M4KA28SZSGWFAYKXN43S9WYS&hash=item273dec71fe:g:KLYAAeSwMttqWkG6&itmprp=enc%3AAQALAAAAwCHNgUiiE%2FjQhlDTaMiAde9j5KJHT4lLo6k%2BLBvLGn04LUa78zFsiEKn4ZNP9uMYV5YM0VmlXWv6Bn3MFh2FVvsOUCPfNiQ5VL9vNufoF51XM2uF3bg3Nm3Et1J--YGNAEOgwjh8Gd0r4WDSK4JjcsRZjf40MALX0T8kaHf00jI4ZggOLVr18UU6jQ4cRoVnd6PpFJ%2Fd9zKmpajOBTWKVyvbjaX19hZwd8ZMNx%2BYUcQiRxF0FBdM6TIp0mnVq%2BwE%2Fw%3D%3D%7Ctkp%3ABk9SR4qNieqkaA,"Dell 15 3510 Laptop Intel N4020 1.10GHz Processor 16GB DDR4 no HD, no OS
Opens in a new window or tab",Dell · 16 GB,$75.00,Buy It Now,+$597.56 delivery,Located in United States,,10k-tech 99.6% positive (1.1K),False,
https://www.ebay.com/https://www.ebay.com/itm/187958586663?_skw=laptop&itmmeta=01M4KA28SZAXG1MXPA964PB32W&hash=item2bc3346d27:g:WZUAAeSwughqydYz&itmprp=enc%3AAQALAAAAwCHNgUiiE%2FjQhlDTaMiAde9ye8dCBXiXfpiWqoTN4cSMoEo69RwU7Fl4W7XeBhHFBD9b8001zUncbWSMoTLUrDiaYcHk1S8oItBBtP%2BZpZutQP9pMwHiGh7ZrlA1wGLOiV%2FUur8iUsyXr79N0d%2FmBUD3OWS5c8e7DVbcZIzFT%2F9BEZLihNt131eNAa2NiOFSFwymuRL4BuU5PASgV51%2FKDJR11uLH7B8A9LcQgzaDfaa2u7wrD1s45e%2Br8Phq9UfTQ%3D%3D%7Ctkp%3ABk9SR4qNieqkaA,"Lenovo ThinkPad P15s Gen 2 Intel i7 1165G7 2.80GHz 16GB RAM 512GB SSD NVIDIA T50
Opens in a new window or tab",Lenovo,$530.71,Buy It Now,+$34.22 delivery,Located in Australia,16 watchers,bneacttrader 99.4% positive (58.7K),True,
https://www.ebay.com/https://www.ebay.com/itm/267809681469?_skw=laptop&itmmeta=01M4KA28SZ0NVX5QZ39N7BRX92&hash=item3e5ab3703d:g:V38AAeSwqAZqyhWP&itmprp=enc%3AAQALAAAAwCHNgUiiE%2FjQhlDTaMiAde%2FSc%2BUsKSBUPhYKRNMQ14P5o8eUb%2Fo2%2Bv9QLCcZYCVFDJoNLh%2BgdGsRcptLVhyk6PEbGWuOJJfGPA6CSVq8XDXtWJquTzwBlIZGsucZHV8yYvhbbqpVhEykKrStSK1O1R4%2B9C854Lgll1JfGrv26uM1yobGf%2FgJveVDVYfIoKUJmIC78pP9B4mBci6EB2j4XH13Jxcmido95SSlOfmMNM0s4qAgjunSn13t4vniXFHu9g%3D%3D%7Ctkp%3ABk9SR4qNieqkaA,"NEW LISTINGLenovo LOQ 15.6"" Ryzen 7 7435HS RTX 4060 16GB 1TB 144Hz Gaming Laptop
Opens in a new window or tab",Lenovo · 1 TB,"$1,044.16",Buy It Now,+$232.60 shipping estimate,Located in United Kingdom,,Customs services and international tracking provided,False,
https://www.ebay.com/https://www.ebay.com/itm/178482840453?_skw=laptop&itmmeta=01M4KA28SZFZVJHZBYFXRDXYR3&hash=item298e680385:g:ehEAAeSw0JZqoaCo&itmprp=enc%3AAQALAAAA4CHNgUiiE%2FjQhlDTaMiAde%2F6b7qdWK46Cq7f6olAIbDlufw8STwkzyMhmovon7njVNxbxsL3KdHUfARtGado0jAkLISA%2BRPhqnGv2RpEqdnpaI7QsEgoaCHyftQlJRLA1zABnkfMbMNR5Nkz4arn1HPWA4koklRctfzeJ1S%2FPQZH1SSfmDZKkiPRuwm4lDMIpJPhvdo34MJYNFawo71XYMSzHCNO%2BhnGJ1uEqy9wpypH13NhK7vVi4oyoUpL1Ybs56%2FFxQgOexe4kAE3awTM7uGkKwgUytlHZfni0ffeFuX7%7Ctkp%3ABFBMio2J6qRo,"Dell Lattitude 5550 U7-165H 32GB 512GB WIN 11 WIFI TOUCH RTX 2050 - Warranty
Opens in a new window or tab",Dell · 512 GB,$899.95,or Best Offer,Shipping not specified,Located in United States,,computersofhouston 100% positive (7.6K),False,
https://www.ebay.com/https://www.ebay.com/itm/198509872289?_skw=laptop&itmmeta=01M4KA28T0A25B2PFCS9DXS9CE&hash=item2e381c44a1:g:a~MAAeSwajxqybNG&itmprp=enc%3AAQALAAAA4CHNgUiiE%2FjQhlDTaMiAde9xOFBl9mxdpUlMLO%2BdYaxHZrBNpLmo9I9uTlzmD4BuXaptUEMM96VbOoz5ROyMk1XNdcGQ6yHdSpRSi93Aknej94ATTWxcFd80vjS4hz5u6kghd0zasZfmyQAaKYadvew2EeLFvRUIYMMh5XpPAypl%2BeVRcU3gk67dVtL%2Bol11Zewtclg99zmvloEHajRC4ElOxuHIDiqtU3pqikj7ei8d%2F9dvg2y4SXYUL2PjZ%2FNaDKPSCEShkQCKqQe8cNoDEKYp6CpfyqAJ4c%2FxLyyin7OD%7Ctkp%3ABFBMio2J6qRo,"Dell Precision 3571 Intel i9 12900H 4.15GHz 16GB RAM 256GB SSD NVIDIA T600 15.6""
Opens in a new window or tab",Dell,$945.50,Buy It Now,+$34.22 delivery,Located in Australia,,bneacttrader 99.4% positive (58.7K),True,
https://www.ebay.com/https://ebay.com/itm/123456?itmmeta=012DEW30YG0MEEKND7NH&hash=item123546:g:acwAA9KNiJowH:sc:ShippingMethodStandard!95008!US!-1&itmprp=enc%3AbgepL1tlUHjMGCVfSTGJh%2BzsVKeJ3CQk7NizDI4BZeppuFnmyS6Ijyp8lh%2FnEw%2BWqO7uTV1Q6izE1R0T54aV8j71F4xlWfVcGft4%2FiOQhtqVXA1rW6M1atPARQRmhqUxtEPJKhKtSFgI%2Bvwlzb0GwVCtkp%3ABlBMUObkmabpYw,Shop on eBay,Brand New,$20.00,or Best Offer,,,,,False,
https://www.ebay.com/https://ebay.com/itm/123456?itmmeta=012DEW30YG0MEEKND7NH&hash=item123546:g:acwAA9KNiJowH:sc:ShippingMethodStandard!95008!US!-1&itmprp=enc%3AbgepL1tlUHjMGCVfSTGJh%2BzsVKeJ3CQk7NizDI4BZeppuFnmyS6Ijyp8lh%2FnEw%2BWqO7uTV1Q6izE1R0T54aV8j71F4xlWfVcGft4%2FiOQhtqVXA1rW6M1atPARQRmhqUxtEPJKhKtSFgI%2Bvwlzb0GwVCtkp%3ABlBMUObkmabpYw,Shop on eBay,Brand New,$20.00,or Best Offer,,,,,False,
https://www.ebay.com/https://www.ebay.com/itm/147136810524?_skw=laptop&itmmeta=01M4KA2T4YPXE91401VENBP4RD&hash=item2242098e1c:g:9~8AAeSwZfBpg4UD&itmprp=enc%3AAQALAAAAwCHNgUiiE%2FjQhlDTaMiAde8yf7g6nX20%2BEjVVGbbHM%2Bi91SbeeSOgVhrJujg4LpOVa%2BjRwS9SS4Cu0BeW%2FZ06M%2FZZDUyYDpRNJGkfupWrvxQLlGWXKdMFKpNALTIFwrpYpdDT9KCSYEZK8k7ltSyxtkKNm%2Ffo%2Fh06uD%2Fx8mujgd7oO9CQwJb%2BVstHgZgZUwezCVk21eyTgzNfOUGFy2hIk0h6OD%2BGppOnR48q7IPnfJ6m0yKJWMGFZ112FKFbhkQww%3D%3D%7Ctkp%3ABlBMUOCii-qkaA,"2026 Dell Inspiron Laptop 15.6 Touch 13th Gen Intel i7 16GB RAM & 512GB SSD Pro
Opens in a new window or tab",✅13th Gen i7 ✅Lifetime MS Office 2024 ✅Business Student,$779.00,or Best Offer,Free delivery in 2-4 days,Located in United States,36 watchers,hellogoodlife1 98.5% positive (22.8K),True,
https://www.ebay.com/https://www.ebay.com/itm/117017531751?_skw=laptop&itmmeta=01M4KA2T4YN8MT21MNQ11T3EJZ&hash=item1b3ec9d567:g:y~gAAeSwQ6Jpgmnv&itmprp=enc%3AAQALAAAAwCHNgUiiE%2FjQhlDTaMiAde9wptn6oQMWFDA72tHXA3dvw97l%2FWhwrxF9a7IwhKSpri1Ux%2FZt83ieJTFT1yvrpPYzbxyrleCE0PKzTnumWvkeXX%2BabZodZz6wbnpoe2AKxhPxsYRZXTa7WlqtJgWOO1SiYVSN4MIIBldi21McgiAqXmIOi6cZeJrH5jjmpJSJSsS%2Ff6SKmDxJ6Ezw9GdIM%2BqUI5C%2FJpi4lelihBEEk9wnruXsoZ1JwY7iEVrLUfgiVA%3D%3D%7Ctkp%3ABlBMUOCii-qkaA,"2026 HP Victus Gaming Laptop 15.6"" Intel i5-13420H RTX 3050 16GB RAM 512GB SSD
Opens in a new window or tab",✅Lifetime Office 144Hz IPS FHD ✅Warranty ✅Holiday Sale,$859.00,Buy It Now,Free delivery in 2-4 days,Located in United States,49 sold,hellogoodlife1 98.5% positive (22.8K),True,
https://www.ebay.com/https://www.ebay.com/itm/157824078164?_skw=laptop&itmmeta=01M4KA2T4Y4RQNZVV2A3KCGRDN&hash=item24bf0c5154:g:N04AAeSwZXVqyk86&itmprp=enc%3AAQALAAAAwCHNgUiiE%2FjQhlDTaMiAde97Sa8qrcGxEcYNZnUwiSNccpwFoqF%2BiORgp3dvpsWL5aDP3JO8xTQme4I4WZRsBI3dJQD5rVIqSx8YmZLAo4u7v%2Ffbcb3xxpxKack5fb20u82BmcxLo8mMD0ihHV4RshRhZR%2Bhr7zS62iHUvCAFoIccefDJiR4pzl5Ke6wb9AKckTN6B9ZiYKRc9uvWz6iDdbNrzW9FYckQccF65wxOeTEBMpVNs%2BJy%2BRC0e%2B8mB5PtA%3D%3D%7Ctkp%3ABlBMUOCii-qkaA,"HyperX HyperX OMEN Laptop Computer 15.3"" 2.5K AMD Ryzen 7 16 GB memory;1 TB SSD
Opens in a new window or tab",Save $550 instantly,"$1,649.99",Buy It Now,Free delivery in 2-4 days,Located in United States,159 sold,officialhpstore 99.5% positive (75.5K),True,
https://www.ebay.com/https://www.ebay.com/itm/127637103333?_skw=laptop&itmmeta=01M4KA2T4YR1J9F2YTHR1N8R72&hash=item1db7c3a2e5:g:RTYAAeSwMVdpcQk7&itmprp=enc%3AAQALAAAAwCHNgUiiE%2FjQhlDTaMiAde9UtPJ85mUzyJSRQiePnpmfZNN%2BaSDCO0ohgi1B9Xxrgksu8tmUgqGJmt6tQpvnQ%2FdJOQtD%2FJOEZHkLr4zemDkUfXJazyK%2B2WxtpgEyQTJmLwhwNH8ByF9306iIDp1VlcTzbgwfbGRmaE5tql7z9z4W1OJXzuPceJU7PTqj%2F3MNWBHTlxs6ZiSsB7F8gu24InKPL1OdTeIbnF2TKKsnYwjD3VzR%2FJHr05sxCb4NT3Mfww%3D%3D%7Ctkp%3ABlBMUOCii-qkaA,"2026 HP Victus Gaming Laptop 15.6"" Ryzen 7 NVIDIA RTX 4050, 16GB RAM & 512GB SSD
Opens in a new window or tab",✅Win 11 Pro+ Lifetime Office 2024✅High Performance Game,"$1,129.00",or Best Offer,Free delivery in 2-4 days,Located in United States,19 sold,hellogoodlife1 98.5% positive (22.8K),True,Almost gone
https://www.ebay.com/https://www.ebay.com/itm/298715536751?_skw=laptop&itmmeta=01M4KA2T4ZPCJ87QJ6VY6RYZB8&hash=item458cd55d6f:g:ncsAAeSwu-lquxF-&itmprp=enc%3AAQALAAAA4CHNgUiiE%2FjQhlDTaMiAde%2BepQm88xJEV0rqqbkrEKWKhBMK9d0g%2BIl2Vu5PgqUBJzTRRqth0be101mFLsPgZLXDuxJxxdadMrRvHvl0CDKKOYBX4836pbhizOB%2BqytgACRbl07LM%2B%2Fxovz3duMR8KdoMwNnhP3gyTi6S%2Fg9H181uvzugK2Z3YoiUljdWVJ8ncf%2FpUvoDPqEG8gvc4VVeGcsTCi%2B0UVPnT2%2F0UdlZqyZnKrThGeOOwhrdvQm4sW5Mt22ns9Zxfq36%2Baw%2B8GgpdiRu%2BJEBAZNnOhFWzVtfxLL%7Ctkp%3ABk9SR-Cii-qkaA,"Dell Latitude 7530 i7-1255U 1.70GHz 16GB DDR4 512GB SSD Win11 Pro 15.6"" Laptop
Opens in a new window or tab",Dell,$229.99,Buy It Now,+$8.18 delivery,Located in United States,,vianegativa85 97.1% positive (94),False,
https://www.ebay.com/https://www.ebay.com/itm/307215412159?_skw=laptop&itmmeta=01M4KA2T4ZTNPMGMFFWYGNFR61&hash=item4787772bbf:g:PwAAAeSw0vdqw9If&itmprp=enc%3AAQALAAAAwCHNgUiiE%2FjQhlDTaMiAde9tdo3MfBqwabjED13uNsStjo24ag8zcZzXClxrhCsYl3%2BIiYV63pcCbgUqUY8TtEoYkzBM1DE3H1DKgKjBwyEJ2EG3gnkw05SPPRtnTjDMUNOwu4iNgYuFyS%2BucfIlLZbQrNaTwg3h6mK%2FwZu0Y%2FJhZJx3a48tXRiN3pQuMINQPNk0iDMboGkYE5HtG0N%2BXmNGjcYvp8f2LtpslukyZ3TP9eV4t%2FWFiOwleHOvoI4jPQ%3D%3D%7Ctkp%3ABk9SR-Cii-qkaA,"LENOVO IdeaPad 1i 15IRU7 15.6"" FHD i5-1335U 16GB 256GB SSD Win 11 83B40008US
Opens in a new window or tab",Lenovo,$259.99,or Best Offer,+$16.60 ,Located in United States,,pawndetroit 99.8% positive (15K),False,
https://www.ebay.com/https://www.ebay.com/itm/257791562657?_skw=laptop&itmmeta=01M4KA2T4ZGZX4AWB91F1N46FX&hash=item3c059313a1:g:W8MAAeSwolZqyCJU&itmprp=enc%3AAQALAAAAwCHNgUiiE%2FjQhlDTaMiAde%2FtBFcuwHN7AwOZNZ8cnp9qEWaYtNIjygF2v0%2BUCOynRo2HgZ7WGmSokbGlgE2HMXJApEsXC3y4mcrfxVtilkLaUgM4MJfk29%2FlqodanjMAO%2B5PzKfhdFZMYWCxuCyypMDTwV6%2FWEE6UFE9LbGZ7KtQ%2BoskI2%2FDjQSA1T7GcNtMSmxKp8s%2FU94OpE3wJmJIy6EFuicpi9gpAr%2BjgKKyYMg%2FoILBbMF1PkRSrTuxcbdsdA%3D%3D%7Ctkp%3ABk9SR-Cii-qkaA,"NEW LISTINGDell Precision 7520 | i7-7700HQ | 16GB RAM | 256GB SSD | M1200 | Good Battery
Opens in a new window or tab",Dell · 256 GB,$175.00,or Best Offer,+$22.00 delivery,Located in United States,,gearsoftreasurellc 99.7% positive (13.2K),False,
https://www.ebay.com/https://www.ebay.com/itm/960045727877?_skw=laptop&itmmeta=01M4KA2T4ZETS9YKAH3CW9A6E8&hash=itemdf872f4085:g:zl0AAeSwuzdqyZsp&itmprp=enc%3AAQALAAAAwCHNgUiiE%2FjQhlDTaMiAde%2B8LJBolnrFp8ffkAt1hkLYSymTZ4UHFUatqN3xMxQbx1yIbSdaSFAdaIjkSFHRDOkD1J%2FqTMh1K4QMZb3o9KjnubnZ5GmR1O%2BFrZUOtKq5pajWM1B86qzzZ5B5%2F5ufVcHubaPynXzu%2BO8%2BruL%2FcxvACGv1ZjxUgV%2BlwmiqGXbH69BSNsofd5NzD735dmt1rE5%2FzqHIW6F2ynr9tQStQYF7nz67E%2F1CVt2BIKaqKDLwlQ%3D%3D%7Ctkp%3ABk9SR-Cii-qkaA,"NEW LISTINGMSI Modern 15 A11MU 15.6"" FHD i7-1195G7 16GB 2TB SSD Win 11 Home Laptop
Opens in a new window or tab",MSI · 2 TB,$349.00,or Best Offer,+$26.66 delivery,Located in United States,,oahucoins 100% positive (857),False,
https://www.ebay.com/https://www.ebay.com/itm/127810482709?_skw=laptop&itmmeta=01M4KA2T50APFZGE99TNY93F8X&hash=item1dc2193215:g:6zwAAeSwW~xqReTh&itmprp=enc%3AAQALAAAAwCHNgUiiE%2FjQhlDTaMiAde87JoM0spRGmOAR3HySkPfv8gn8%2BiIZecQK911ZowvW0xCsryfZ%2FPhTxjw%2F1MWHCE2FJx4SAXsx5HBYzdX3Wn6lNF4g1EMc%2F1M8t%2FpnM%2FWqH4dsO2KXc7H5c8DJArX5dlqEdQgpr0kH7KQ2a%2BkvdfmI5aqn8PPXffc5IKp%2F5fC46b0tYXy5hYQup7v3MWZcfvddSKvoboIVaUDgZ4WzB4RMmzhnYXrjFMZ2eUt35Gef8g%3D%3D%7Ctkp%3ABk9SR-Cii-qkaA,"Lenovo LOQ 15.3 WUXGA 165Hz AMD Ryzen 7 250 RTX 5060 AI Laptop 16GB RAM 512GBSSD
Opens in a new window or tab",Brand New - Full Warranty & 3 Months Game Pass,"$1,249.99",Buy It Now,Free delivery in 2-4 days,Located in United States,,antonline 99.5% positive (355.9K),True,
https://www.ebay.com/https://www.ebay.com/itm/137829827615?_skw=laptop&itmmeta=01M4KA2T50R20RZZEK6B59HPN2&hash=item20174c441f:g:gAwAAeSw6XBqv5tI&itmprp=enc%3AAQALAAAA4CHNgUiiE%2FjQhlDTaMiAde8VLeQ8QDyMibRic4dOGA8a9%2BsAnlr5IABjPCeoYGTJTXmjZUY3QBtY1IhAyQ3Ht%2BpHCrSgb%2B3jlNy%2Bm5zX8CL9FXECpTxRHpT6V6IyDQyVOGIwvcKFuzFoFPxikzJydJhfxZ2JM6scpBU2mXgiT%2FEDg2hjOZ947LbrKtZXm9Oq3hyp4FsTDLJemK9VlK6qGhcY%2Bzs%2FYOdF%2Fq4mXm5gBKKYQHD022ALmlaB0vE7Kxcx58lx0dFCQIhyuICxv93sSA64U0x8sMIg7orO4fxhKqR6%7Ctkp%3ABk9SR-Cii-qkaA,"NEW LISTINGLenovo Quad-Core Gaming Laptop-Intel i7 4720HQ-512GB SSD-16GB RAM-4GB GTX 960M
Opens in a new window or tab",Lenovo · 512 GB,$205.00,or Best Offer,+$32.00 delivery,Located in United States,,chancmorelan-0 99.8% positive (1.7K),False,
https://www.ebay.com/https://www.ebay.com/itm/267808965133?_skw=laptop&itmmeta=01M4KA2T50FNCSP97505RZDJJ1&hash=item3e5aa8820d:g:X5wAAeSwLTVqyQcR&itmprp=enc%3AAQALAAAAwCHNgUiiE%2FjQhlDTaMiAde9LO4%2F3I9JQA4B2xjJyLbI0sXyR07fUL6aWjKjDRlYWWifHhrUECtnzSmqmLJoRHm3FD0QrDez5ghrp5%2BdSpZjaQWBFh5v8hjA3kRtQiDeiIyghEFaJwcOLEJ8T8SKN56MmWgPFHdgEtwoLmgTDBLNfEBzedxfyvJ1S8ppsEitb2gQfAyDPH6xT6aKTlAeuXBIw0agQV4AxlYmg3ci%2FNxJbSR5KdeooGSUII04k4p0GFw%3D%3D%7Ctkp%3ABk9SR-Cii-qkaA,"Dell Latitude 5520 i5-1145G7 @ 2.60GHz 16GB RAM 256GB NVMe Wi11Pro 4710
Opens in a new window or tab",Dell,$199.99,or Best Offer,Free delivery,Located in United States,,monmouthtechdepot 100% positive (7.7K),True,
https://www.ebay.com/https://www.ebay.com/itm/116266481567?_skw=laptop&itmmeta=01M4KA2T501HYM086MECDFANZ3&hash=item1b1205b79f:g:hIYAAeSwFXJqqfWk&itmprp=enc%3AAQALAAAA4CHNgUiiE%2FjQhlDTaMiAde9Qim--E3KbTuPD6pLIHMqVSxsJvhQ50IGIXg2tCuyEu%2FPaRypbXyFMI8pYaLwiD70KafaSHZ49uUERbiH9Gsmo10jBbF6jDyXp2sdtv%2FmjNK3DG1Kqt%2F%2BaignraGXbnH%2FwcFF20dsBOHGX%2B5oj8CZY3HmYW8zDBUgJ5MLxRUUbZTjIWGqIykt%2FQKDrV3eQjHmpyC2UCETSr23TLJ5QXep%2FVKZXQKDBGVosoYyU7R0Y7OY07d6lUu6BSa%2FRR776jHf5V5a1iSki3icQmRr4taIQ%7Ctkp%3ABk9SR-Cii-qkaA,"TouchScreen Dell Precision 15.6"" Gaming Laptop: i7-8750H (16GB RAM - 512GB SSD)
Opens in a new window or tab",Dell,$284.00,or Best Offer,Free delivery in 2-4 days,Located in United States,Last one,regadget 99.8% positive (14.9K),True,
https://www.ebay.com/https://www.ebay.com/itm/267594157065?_skw=laptop&itmmeta=01M4KA2T5123ASAG5VM3B99XV5&hash=item3e4ddacc09:g:-~sAAeSwoDtqxssG&itmprp=enc%3AAQALAAAA4CHNgUiiE%2FjQhlDTaMiAde%2FoiFfl013OhHwWGw4wK7wbMl%2Fw6g04eGi8Un9eqJf1HPWwg2OPuhhOS3REsguUJq2osioBYLND8rGDPEf2HV0TRQQ3I8S8VSgD8KhJl156uDUJjN%2FivOqvxQVR7um7S%2FxQF7uGEBnmwMWbpMj81mmN%2BHwWXvq8sdaQEPsL11xnn2sGVXp2esake8PKcCT5WPJoPs6nGYqoP%2B%2FntVV4pkb9VFd6sYkhoyA8amxCIdjPYlNN9BkU0jwlGKhOxfY8HAzsbCON1ROeTo8KgY%2BZXPOX%7Ctkp%3ABFBM4KKL6qRo,"HP EliteBook 850 G5 Laptop 15.6” FHD Intel Core i7 16GB RAM 512GB SSD Win 11 Pro
Opens in a new window or tab",HP,$349.99,Buy It Now,Free delivery,Located in United States,132 sold,discountcomputerdepot 99.6% positive (176.3K),True,
https://www.ebay.com/https://www.ebay.com/itm/287467948080?_skw=laptop&itmmeta=01M4KA2T51F22K1WCY9338R84Q&hash=item42ee6cc830:g:~j0AAeSwSApqWhbC&itmprp=enc%3AAQALAAAA4CHNgUiiE%2FjQhlDTaMiAde89rSkGwYg4Xy5c2Ojh1GJAonywos2XDtsvgFlilpi91z4fzA7rA5bGEk1tL8wejCxi76dRrkNCl1IaEfUumNzSusGXgMcRXmJiF97Z3ovLhQqGEUygV8dD19Z%2FzjP1Y7QqlI7zGB4rbcvYnQK1kDnqaNHKGPQkEDGLxah6wY9DEDcZy5ZRS4E9S0D4W1om96FAtBj7OwSOJkkmYvwXxk47lzmS147dQKrJljlfG9o8nNO%2Bf0nLgvg%2Bsohi5MqvQMRDOLhN%2BaYQ7vR56VsMuZO%2F%7Ctkp%3ABFBM4qKL6qRo,"Dell Latitude 9520 15"" Touch Laptop 2-in-1 i7 11th Gen 16GB RAM 256GB SSD Win 11
Opens in a new window or tab",Dell,$379.99,Buy It Now,Free delivery,Located in United States,108 watchers,discountcomputerdepot 99.6% positive (176.3K),True,
https://www.ebay.com/https://www.ebay.com/itm/406692634547?_skw=laptop&itmmeta=01M4KA2T51BK60CFGNQ4D1BNJA&hash=item5eb0c51fb3:g:fs8AAeSwwC5pgxGC&itmprp=enc%3AAQALAAAA4CHNgUiiE%2FjQhlDTaMiAde8X9riBg2MYUk6qCQ%2BjtwpqWC4BXX9N7ZEWBgLbIaZSyYZUyg1zLM0Q80rQJZmAvyv5iU3Bc6xpFKgxhwDX8VRMQFE8wcURR0fhKjijYRmHEJsHsXiGdFuFg6YBRhbNrykA2csw%2BI0ZaZ3VO4xM2mRc0hF4s3yzqWa%2BXpNAeRScBqmPjjFvcfAr1ZUSTRvVfcTrzDESDwt6MQh0JHmCbmecFF%2Fmy%2BLIllczCpWfelNU115PAvq4kwnW9tKUmkRzAgxf9cBdQqYxeSI9cR6f3OWX%7Ctkp%3ABFBM4qKL6qRo,"15.6 inch Laptop 16GB+512GB Windows 11 Computers Support WiFi, Bluetooth USB-C
Opens in a new window or tab",Brand New,$209.99,Buy It Now,Free delivery,Located in United States,122 sold,tegxinda 99.1% positive (1.9K),True,Save up to 10% when you buy more
https://www.ebay.com/https://www.ebay.com/itm/267147782259?_skw=laptop&itmmeta=01M4KA2T51QV08ENBDQE8SY4N2&hash=item3e333fa873:g:ewkAAeSwO9VqwFOF&itmprp=enc%3AAQALAAAA4CHNgUiiE%2FjQhlDTaMiAde8Bl99K4X0V0S755ohFlslkQDPJdYQhMoFhfWVf2Yn3LVCjWRupZM2PSC1IuFH%2BqaL31WGy3f3XXV5pYv0dBx9K1EyY4gwqrUTEbToyPaV5C7X6O12fNMa%2BhGStOW4sepbMVGhIHHH%2Fp06laZAKzZbKAh1m8RJcjhBD6Dusr6qtQUbZP7kpI70ROh1QDVdNv4VCDOj3lEXJcQzUPsPIROxOozRHZH0cE7mb3cSu5vPMYuDiJp9f2fFlYo0Aq%2BHCkHZ1I7pp%2BCw4es2i8birZhoE%7Ctkp%3ABFBM4qKL6qRo,"Dell Latitude 3500 Laptop 15.6” HD Core i5 16GB RAM 256GB SSD Windows 11 WiFi
Opens in a new window or tab",Dell,$242.22,or Best Offer,Free delivery,Located in United States,138 sold,discountcomputerdepot 99.6% positive (176.3K),True,
https://www.ebay.com/https://www.ebay.com/itm/167733011911?_skw=laptop&itmmeta=01M4KA2T52AJN7AKQEQJVBH1J2&hash=item270daaa5c7:g:NDoAAeSwldlop18t&itmprp=enc%3AAQALAAAAwCHNgUiiE%2FjQhlDTaMiAde9efmN40ybQo2g%2Bb11RkoOUCdBgUuvpx325k1PUc3jnI1gzR2icyKJpfMwJ4pZQ%2BvM4n24B9znssJkCwmifrAUq7nI9gxqtAqgXSKMrnLkhbWN6c%2FpzfWGRS%2BjCrxpMdHuGBcqmoAAopTnilFumMWA9GoyeXzHT7dlQFVeFh2Oqqn8bDxRjazR5H9%2F8InR0ehwbNJ5M0oEvwYECwFIRjHSx79lK70CJ0sMhsBsWDlyVdg%3D%3D%7Ctkp%3ABk9SR-Kii-qkaA,"Dell Precision 3560 15.6"" FHD Laptop Intel i7 11th Gen 16GB RAM 512GB SSD Win 11
Opens in a new window or tab",Dell · 512 GB,$373.00,Buy It Now,Free delivery in 3-4 days,Located in United States,115 sold,techregenx 99.6% positive (7.4K),False,
https://www.ebay.com/https://www.ebay.com/itm/168773842277?_skw=laptop&itmmeta=01M4KA2T52F2GV8MFCQ7G0HYQT&hash=item274bb47565:g:kcgAAeSwqrZqxoUa&itmprp=enc%3AAQALAAAA4CHNgUiiE%2FjQhlDTaMiAde9aPz5D6KeBRa2tKisTRnboodyc8zxdns%2BVQvfkGNVefwJ5V%2F2UiLRcjH2uWVzeb90kRNkwCeBy5SMR%2B0aUPE0hHeKpSf%2B3zLOiBS7Wv%2BmJVctzWEZhLA0jtmBvVXU84kzsb57N65k42iId%2FmvQILqpJcuNBolXNtThCWXy1gjN3hpY%2BDE6XaYlvyp5RWcV7zcFSQvcQbZwED2bHRO3VH0uFHYr%2FrXK3GMjkq7rpuFPwTAj9bvNH6UQE4NRFyjF%2Fl2Eu8GT2NAqgFJ9h9BnWalP%7Ctkp%3ABk9SR-Kii-qkaA,"Lenovo V15 G4 15.6"" i5-13420H 2.10Ghz 16GB 512GB SSD Laptop
Opens in a new window or tab",Lenovo · 512 GB,$277.19,or Best Offer,+$9.99 delivery,Located in United States,,silasdeanepawnshop 99.8% positive (24.3K),True,
https://www.ebay.com/https://www.ebay.com/itm/920011121548?_skw=laptop&itmmeta=01M4KA2T52AFJQ1H7TJ42MXCCJ&hash=itemd634efa38c:g:TckAAeSw21dqqXsY&itmprp=enc%3AAQALAAAAwCHNgUiiE%2FjQhlDTaMiAde%2FMAw6MTy7K1fjLuGlfkgQk%2FkL85jW0Cemj7KaF%2FFLkg0sjJ7aeGFvjsBDSWvUqcgfC1VaNmMaQL1IVXqc4zKgw2PZ%2F3fU%2BU7UCGCM529phCfV1qN0cGuDb4gpEniL6GI7ssmCRusCEnzolDhrs03V%2BCfmj0lN3AMLCW3GmoFdtxMCbYs9cSv5qQrYgDhjiiOKEXYUVoxB3QJeNXFaCWjyWQuRYuaedMuYam6z%2FMex%2B0g%3D%3D%7Ctkp%3ABk9SR-Kii-qkaA,"HP Spectre x360 15-CH011NR 15t Laptop Touch 15.6"" UHD i7 16GB 512GB MX150 W11
Opens in a new window or tab",HP,$499.45,Buy It Now,Free delivery,Located in United States,,colocomputer 99.9% positive (35.9K),True,
https://www.ebay.com/https://www.ebay.com/itm/307223305260?_skw=laptop&epid=9060616037&itmmeta=01M4KA2T52H4FYW9N9GK68NATA&hash=item4787ef9c2c:g:CtsAAeSwHatqyWAl&itmprp=enc%3AAQALAAAA4CHNgUiiE%2FjQhlDTaMiAde%2Fb3K628baZDStQ0UyVRGGUb%2BDu%2FGGZWWCmgjBr5Outr8mrT4sd78mFrit4OP1Z2DHN3bo%2B%2Byz6wwuGjcVz2sruOmNw7RlfSQg4g7vIkBjDzvn9rT9WvEFtQLyOcJTHYFjWupXG7MlX%2BXRYpgnWtIbBBL%2BJTUftqxh6HaDUmag7JEmOrO%2FSCRYaFRGETXURzCsOQRshkaKBw2jL6wK5aOZz0ntNVY%2Fn6xvMG%2Fm3fBi5Bsm1JrlkSo2Hid5YQezUZE8VxTvH3Nkz45XE5IGctsHA%7Ctkp%3ABk9SR-Kii-qkaA,"NEW LISTINGDell Latitude 5540 15.6"" Laptop i5-1345U 13th Gen 16GB 512GB SSD NO BATT
Opens in a new window or tab",Dell · 512 GB,$275.00,or Best Offer,+$14.49 ,Located in United States,,yourtechnics 99.8% positive (640),False,
https://www.ebay.com/https://www.ebay.com/itm/920021394699?_skw=laptop&itmmeta=01M4KA2T53VXKBGS4C661S6SRT&hash=itemd6358c650b:g:licAAeSwGVFqx8~C&itmprp=enc%3AAQALAAAA4CHNgUiiE%2FjQhlDTaMiAde8M2FTUolqyXi2dedRXxVs6zR1%2FPK2YhHC8qHOkv6h8KkZTyxV1qz9W2iEOpKcZdgVWpTgYfpWB%2BZgH%2FLRmn17M0257EB5pIISH4oE5lzcM3%2FoJ97zd6QJ0ZI6yvHvWLiIv8iZszqMV7q0cpLpnu%2BsOcqWvTmJ49Bym5uYP7dUUSOsIr1yL%2Fa61ivV%2FVuOLSbk9a0mtf9OFitpTEivfgMhrJelHpOBjfV0ZSQx%2FAvCYPprRacaTQg7pIgi7efJJ0GQDbOJE8dxvE%2FiN0gR9EbxD%7Ctkp%3ABk9SR-Kii-qkaA,"LENOVO THINKBOOK 15 G2 ITL i5-1135G7 16GB RAM 512SSD TOUCH WIN 11 PRO
Opens in a new window or tab",Lenovo,$239.99,or Best Offer,+$25.00 ,Located in United States,,youpitechsolutions 100% positive (97),False,
https://www.ebay.com/https://www.ebay.com/itm/267808133733?_skw=laptop&itmmeta=01M4KA2T53AM6ZEJCRRY922D0T&hash=item3e5a9bd265:g:2zYAAeSwG5Nqx-qa&itmprp=enc%3AAQALAAAA4CHNgUiiE%2FjQhlDTaMiAde%2BpXHzI2RlXPpYS04R9nWPD1VVa0cBWIaY5WxGkLKQ3WyIdSd2%2BfyhTvoWtaMudvH3Tdo0QnKNdGiYr44QwSTK2xuaYFU4iCEgslmz0%2FJOZxpfnNAC5bhPfsJC%2FJSzFmLEfRrVVHm74NCTUUHxv4nfxTTF0aWrGObheLCuGiUN7DaVuyvATwIGZCM%2FXgpcjLO7RQT%2FhJk6kI1NRnxks7Wp%2BGFn4C36bEpVTVjI5JadfwPrgxR3p4KRJs14%2FkQhOhqGeyv%2FhEjtpnUcW84CzQFyH%7Ctkp%3ABk9SR-Kii-qkaA,"Dell Latitude 7520 (11th Gen) i7-1185G7 @ 3.00GHz, 16GB RAM, 512GB NVMe Win11Pro
Opens in a new window or tab",Dell,$250.00,or Best Offer,Free delivery,Located in United States,2 watchers,monmouthtechdepot 100% positive (7.7K),True,
https://www.ebay.com/https://www.ebay.com/itm/334703417715?_skw=laptop&itmmeta=01M4KA2T53C7XXD16Z22ZTED67&hash=item4dede0d973:g:pGQAAeSwWO9pXrsN&itmprp=enc%3AAQALAAAA4CHNgUiiE%2FjQhlDTaMiAde%2BKg6sEa48Fnd%2BGx3AWg%2FUv3dufQ84DOeosvJ6XFQeS9lBY25gCzALx%2FHgyB9HDJzVW3eeQ7Rl1TCnmk7KX0m5uR%2BeRsRi3zHXRyaifo7AzzdvTpdCXDnEaiVV%2F%2BHcHFQlEan96RO4kusnbMF%2F4DXHgNalsMJf3efZoTwuDq5WOyBjolxhG573jKujJWXoVlqKhxB%2F%2Bf7Wb18m%2BIa%2B4m8SC2XTzLBAC9D%2BMmb8WnkMcs9ZLXIy1rEBzgk1VPAp1Dzw2ABmgLCxsNt873%2B6%2Bsx8V%7Ctkp%3ABk9SR-Kii-qkaA,"Dell Latitude 14"" / 15"" FHD Business Light Gaming Laptop Up To 64GB RAM 2TB SSD
Opens in a new window or tab",📦 Fast Shipping ✨ Customize RAM + SSD ⚡️ Plug and Play,$249.99,Buy It Now,Free delivery,Located in United States,,aaa_pcs 100% positive (8.4K),True,
https://www.ebay.com/https://www.ebay.com/itm/336833911351?_skw=laptop&itmmeta=01M4KA2T53P1E6MH9S8HYPKXVR&hash=item4e6cdd9a37:g:79YAAeSw8TtqxnA1&itmprp=enc%3AAQALAAAAwCHNgUiiE%2FjQhlDTaMiAde9wQYAisv%2FO5bbrQpv3ZYmHlArvXEpjR6SfL5g7fSjjBefOmUdSHY53P44nkLSncGdiaQitBtnuiS%2Fjx9S%2FjA56GjkIjGVgJiNOCGTO2YbT5bovmWk66xKot7JWzti6oJjJ3Lisczko%2FGEDa359B5%2FZLt%2FdUEg1v%2BEC8Q%2Bu9oi3%2FwxsEiebeDYPf1LuzIOHmiPjRpP4nJG92fQKHvvEKLl7vJHs95iL9yutGQPVWfWzmg%3D%3D%7Ctkp%3ABk9SR-Kii-qkaA,"Razer Blade 15 Advanced RZ09-036 15.6"" i7-10875H 16GB RAM 512GB SSD RTX 3070 #97
Opens in a new window or tab",Razer,$649.99,or Best Offer,+$10.00 delivery,Located in United States,27 watchers,fife_wa_electronics 99% positive (13.8K),False,
https://www.ebay.com/https://www.ebay.com/itm/237073877165?_skw=laptop&itmmeta=01M4KA2T53F14JCCS0WZD9NBTG&hash=item3732b448ad:g:uWwAAeSwICxqrAvg&itmprp=enc%3AAQALAAAAwCHNgUiiE%2FjQhlDTaMiAde%2Bsd99V%2FOWqTzDmkyb1NxbZ8SrNSvUX7tWmKfsDjvVKt74iuBr%2F8k7s8OoR44MWJmiwU6WuIuCEMTrCjfzICBXPV%2Fg%2FHs0Zdac3VQfJ5RS17C5yl12jDsFydRkso%2FmiuN5lpejSwmLH8sA4AxuqXzXvgx8%2F3YompQo%2B4dahSsKgZBI42vDNiqacyiUAFAX2%2FWfVSomvzJCYeQqtxps7QcBW8Kwa8UOBpCdoSnwyJN%2FjEg%3D%3D%7Ctkp%3ABk9SR-Kii-qkaA,"Dell G15 5510 (15.6"") Core i7-10870H, RTX 3060, 16GB RAM, 512GB SSD, W11P
Opens in a new window or tab",Dell · 512 GB,$649.99,Buy It Now,Free delivery,Located in United States,47 watchers,synergyindustrial 99.5% positive (81.8K),True,
https://www.ebay.com/https://www.ebay.com/itm/226708728525?_skw=laptop&itmmeta=01M4KA2T530WGT5KXQ9M6ZDZ6N&hash=item34c8e4aacd:g:4TgAAOSw12doAXx-&itmprp=enc%3AAQALAAAAwCHNgUiiE%2FjQhlDTaMiAde%2F2uBj1IPmxZxblN6BvB%2BGRqnz0j5MMePs903KuOIsLag63tT2uXw69Ht5UVuRIcjWZJUTcoSWEKLBgkRZrOXDkIotR5szdU8nC%2FeCm4Y0z%2FuXVlgCyFFmuHY5Rj%2Fnw%2B9ypBS53h%2BKrlTpDZ3tzBHf1s2pHXWjILnq%2BcOxMTdvoHFuO%2B98rsykAxbMZ2NuyqYSaOk0375ArOr5BCKwpf%2Ff1vFDXf4JQO8hrvoOpTvcztg%3D%3D%7Ctkp%3ABk9SR-Kii-qkaA,"Dell Latitude 5510 Laptop Intel i7-10850H 15.6"" FHD 16GB Ram 512gb NVME WIN 11 p
Opens in a new window or tab",Dell · 512 GB,$349.99,or Best Offer,Free delivery,Located in United States,46 sold,kl0 99.5% positive (64.8K),True,
https://www.ebay.com/https://www.ebay.com/itm/287588791829?_skw=laptop&itmmeta=01M4KA2T54RHPSCDXZWVHRVGFY&hash=item42f5a0b615:g:1GsAAeSwXf5qqaqB&itmprp=enc%3AAQALAAAAwCHNgUiiE%2FjQhlDTaMiAde%2BWAblOFLZ8uBhPJF0%2FPCiOYH3Vh2TWTm%2FfTDVZj4bsXYmZBYd4rXUnMI%2FoPbtJ354qZ2CdeNyQ8kkwrWvwU2JSclYuxV0G0NC8EZKizA6wpFpGy3SbZmpMm5KRAv2RsHZrynAmJRDxqXUAfHFDKP2xLPsgERuR9wZ1yJv6LUGBGkTVNkm7DsouahwkFPjqmoQnVGfsyVHAQMicPzYQfjNESkPcmC4%2FefH2M%2Bz6%2FJ0vTg%3D%3D%7Ctkp%3ABk9SR-Kii-qkaA,"Dell Latitude 3520 15.6 FHD i7-1165G7 2.80GHz 16GB 512GB SSD NVIDIA MX350 Good
Opens in a new window or tab",Dell · 512 GB,$269.99,Buy It Now,Free delivery in 2-4 days,Located in United States,,itsworthmore 99.6% positive (184.2K),True,
https://www.ebay.com/https://www.ebay.com/itm/147628921302?_skw=laptop&epid=11055378765&itmmeta=01M4KA2T543T2PGKSC71RKM8CG&hash=item225f5e91d6:g:ubwAAeSwahRqydIK&itmprp=enc%3AAQALAAAA4CHNgUiiE%2FjQhlDTaMiAde%2Fn2cHB10wBIZkxPFd0uHfaGu2FfCQdbX9V0g6UVWW5au0r3PRMiFJLHtaQ%2FHnliECnEYjiT%2FFT3PqFXoRsu8kqQPjKM8XOuY4ycVcnhSg5uEivy5vzCFFKrivYMuGv%2FhCf0fd%2FMX8%2FNsUE%2FyDHkRsJfH1yoEJw75%2FS5MeCjZ4dkv5FmzhG1agbTX22ZChI3lvlbHQyNKaERYV%2B0Urh%2BvNPiJ%2BfQOJHOWye01dBlnYGXpLG420IiFGc8baAv0BXd0PWQa0s%2Bh2u9GadHG0M%2BDtp%7Ctkp%3ABk9SR-Kii-qkaA,"NEW LISTINGDell Latitude 5550 15.6"" Windows 11 Laptop Ultra 5 125U 16GB RAM 256GB SSD READ^
Opens in a new window or tab",Dell,$399.99,or Best Offer,+$9.77 delivery,Located in United States,,irecyclekc 100% positive (893),False,
