URL,Title,Options,Rate
https://www.amazon.com/MSI-Codex-Gaming-Desktop-A8NVP-436US/dp/B0F15TM77B/ref=sr_1_1?dib=eyJ2IjoiMSJ9.Q1g3QwGoN-IGd1UEN1R2nu-XBtMhkCSc_Ebb5Z4szp8CD0Q7LszIwdwQCAeYmkc9tuSgip_nmP8-VQ-qI047H1hhi8jZn-YQucWseiHRIOix9sw3amEIfnw00k5rBkCS_HvrhisTga_hOmJuN0lIOsSWzEQWvNjbJaMa4PNLCTjDMqja1VVgY_mbgag5qdBYPzk45pP-D8bjrKnmBEnvuyCrzYbcywbvh0X_SGRruk0.ob0UMghEqysiOGGOGH9eM_8NfvATFsXj5TG18GOd93U&dib_tag=se&keywords=PCs&qid=1791531767&sr=8-1,"msi Codex Z2 Gaming Desktop, AMD R7-8700F, RTX 5070, 32GB DDR5, 2TB SSD","NVIDIA GeForce RTX 5070, USB Type-C, VR-Ready, Windows 11 Home. Model A8NVP-436US",4.3
https://www.amazon.com/iBUYPOWER-Element-Desktop-Computer-Keyboard/dp/B0GP2M76YC/ref=sr_1_2?dib=eyJ2IjoiMSJ9.Q1g3QwGoN-IGd1UEN1R2nu-XBtMhkCSc_Ebb5Z4szp8CD0Q7LszIwdwQCAeYmkc9tuSgip_nmP8-VQ-qI047H1hhi8jZn-YQucWseiHRIOix9sw3amEIfnw00k5rBkCS_HvrhisTga_hOmJuN0lIOsSWzEQWvNjbJaMa4PNLCTjDMqja1VVgY_mbgag5qdBYPzk45pP-D8bjrKnmBEnvuyCrzYbcywbvh0X_SGRruk0.ob0UMghEqysiOGGOGH9eM_8NfvATFsXj5TG18GOd93U&dib_tag=se&keywords=PCs&qid=1791531767&sr=8-2,"iBUYPOWER Element Gaming PC Desktop Computer AMD Ryzen 9 7900X CPU, NVIDIA GeForce RTX 5070 12GB GPU, 32GB DDR5 RAM, 1TB NVMe SSD, Windows 11 Home, Gamer Keyboard and Mouse - EWA9N5702",,4.3
https://www.amazon.com/Alienware-Aurora-Gaming-Desktop-act1250/dp/B0DPKLJ4CV/ref=sr_1_3?dib=eyJ2IjoiMSJ9.Q1g3QwGoN-IGd1UEN1R2nu-XBtMhkCSc_Ebb5Z4szp8CD0Q7LszIwdwQCAeYmkc9tuSgip_nmP8-VQ-qI047H1hhi8jZn-YQucWseiHRIOix9sw3amEIfnw00k5rBkCS_HvrhisTga_hOmJuN0lIOsSWzEQWvNjbJaMa4PNLCTjDMqja1VVgY_mbgag5qdBYPzk45pP-D8bjrKnmBEnvuyCrzYbcywbvh0X_SGRruk0.ob0UMghEqysiOGGOGH9eM_8NfvATFsXj5TG18GOd93U&dib_tag=se&keywords=PCs&qid=1791531767&sr=8-3,"Alienware Aurora Gaming Desktop, RTX 5070, Intel Core Ultra 7 265F","1TB SSD, 32GB DDR5, Wi‑Fi 7, Bluetooth, Killer 2.5Gb Ethernet, Windows 11 Home, Wired Keyboard, ACT1250",4.3
https://www.amazon.com/CyberPowerPC-Master-GeForce-Windows-GMA2900A3/dp/B0DXVK2SLY/ref=sr_1_4?dib=eyJ2IjoiMSJ9.Q1g3QwGoN-IGd1UEN1R2nu-XBtMhkCSc_Ebb5Z4szp8CD0Q7LszIwdwQCAeYmkc9tuSgip_nmP8-VQ-qI047H1hhi8jZn-YQucWseiHRIOix9sw3amEIfnw00k5rBkCS_HvrhisTga_hOmJuN0lIOsSWzEQWvNjbJaMa4PNLCTjDMqja1VVgY_mbgag5qdBYPzk45pP-D8bjrKnmBEnvuyCrzYbcywbvh0X_SGRruk0.ob0UMghEqysiOGGOGH9eM_8NfvATFsXj5TG18GOd93U&dib_tag=se&keywords=PCs&qid=1791531767&sr=8-4,"CyberPowerPC Gaming PC, AMD Ryzen 7 8700F, GeForce RTX 5060 Ti 8GB","Gamer Master, 16GB DDR5, 1TB PCIe 4.0 SSD, WiFi Ready & Windows 11 Home (GMA2900A3)",4.3
https://www.amazon.com/Olialia-Gaming-PC-Prebuilt-Ryzen/dp/B0HF7SSBNT/ref=sr_1_5?dib=eyJ2IjoiMSJ9.Q1g3QwGoN-IGd1UEN1R2nu-XBtMhkCSc_Ebb5Z4szp8CD0Q7LszIwdwQCAeYmkc9tuSgip_nmP8-VQ-qI047H1hhi8jZn-YQucWseiHRIOix9sw3amEIfnw00k5rBkCS_HvrhisTga_hOmJuN0lIOsSWzEQWvNjbJaMa4PNLCTjDMqja1VVgY_mbgag5qdBYPzk45pP-D8bjrKnmBEnvuyCrzYbcywbvh0X_SGRruk0.ob0UMghEqysiOGGOGH9eM_8NfvATFsXj5TG18GOd93U&dib_tag=se&keywords=PCs&qid=1791531767&sr=8-5,"Gaming PC Prebuilt, RTX 3060 Ti, AMD Ryzen 5 5500, 16GB RAM","512GB SSD, RGB lighting, WiFi 6, 600W Power, Win 11, Panoramic Tower Desktop for Gaming, Streaming, Everyday Use",4.6
https://www.amazon.com/Skytech-Gaming-King-Ryzen-9850X3D/dp/B0GPWD9BHQ/ref=sr_1_6?dib=eyJ2IjoiMSJ9.Q1g3QwGoN-IGd1UEN1R2nu-XBtMhkCSc_Ebb5Z4szp8CD0Q7LszIwdwQCAeYmkc9tuSgip_nmP8-VQ-qI047H1hhi8jZn-YQucWseiHRIOix9sw3amEIfnw00k5rBkCS_HvrhisTga_hOmJuN0lIOsSWzEQWvNjbJaMa4PNLCTjDMqja1VVgY_mbgag5qdBYPzk45pP-D8bjrKnmBEnvuyCrzYbcywbvh0X_SGRruk0.ob0UMghEqysiOGGOGH9eM_8NfvATFsXj5TG18GOd93U&dib_tag=se&keywords=PCs&qid=1791531767&sr=8-6,"Skytech Gaming PC Desktop, Ryzen 7 9850X3D, RTX 5080, 32GB RAM, 2TB SSD","Windows 11, Gen4 NVMe SSD, DDR5 6000, 850W GOLD ATX 3 PSU, 360 ARGB AIO , Wi-Fi 5, King 95 Series",5.0
https://www.amazon.com/Prebuilt-Gaming-PC-Ryzen-5700X/dp/B0HF7H1L8Q/ref=sr_1_7?dib=eyJ2IjoiMSJ9.Q1g3QwGoN-IGd1UEN1R2nu-XBtMhkCSc_Ebb5Z4szp8CD0Q7LszIwdwQCAeYmkc9tuSgip_nmP8-VQ-qI047H1hhi8jZn-YQucWseiHRIOix9sw3amEIfnw00k5rBkCS_HvrhisTga_hOmJuN0lIOsSWzEQWvNjbJaMa4PNLCTjDMqja1VVgY_mbgag5qdBYPzk45pP-D8bjrKnmBEnvuyCrzYbcywbvh0X_SGRruk0.ob0UMghEqysiOGGOGH9eM_8NfvATFsXj5TG18GOd93U&dib_tag=se&keywords=PCs&qid=1791531767&sr=8-7,"Prebuilt Gaming PC, RTX 3060 Ti 8GB, AMD Ryzen 7 5700X, 32GB RAM, 1TB SSD","Rgb lighting, WiFi 6, 600W Power, Win 11, Panoramic Tower Desktop for Gaming, Video Editing, Streaming, Content Creation",4.5
https://www.amazon.com/ZOTAC-Gaming-Desktop-NVIDIA-GeForce/dp/B0GSVSWQTX/ref=sr_1_8?dib=eyJ2IjoiMSJ9.Q1g3QwGoN-IGd1UEN1R2nu-XBtMhkCSc_Ebb5Z4szp8CD0Q7LszIwdwQCAeYmkc9tuSgip_nmP8-VQ-qI047H1hhi8jZn-YQucWseiHRIOix9sw3amEIfnw00k5rBkCS_HvrhisTga_hOmJuN0lIOsSWzEQWvNjbJaMa4PNLCTjDMqja1VVgY_mbgag5qdBYPzk45pP-D8bjrKnmBEnvuyCrzYbcywbvh0X_SGRruk0.ob0UMghEqysiOGGOGH9eM_8NfvATFsXj5TG18GOd93U&dib_tag=se&keywords=PCs&qid=1791531767&sr=8-8,"ZOTAC MEK Gaming PC Desktop, Ryzen 7 9700X, NVIDIA GeForce RTX 5060 Ti 16GB","32GB DDR5, 1TB NVMe SSD, 850W 80+ Gold PSU, WiFi 6E, Windows 11 Home, GDDR7, up to 5.5GHz",4.9
https://www.amazon.com/CyberPowerPC-i5-14400F-GeForce-Windows-GXiVR8060A47/dp/B0DXVDC556/ref=sr_1_9?dib=eyJ2IjoiMSJ9.Q1g3QwGoN-IGd1UEN1R2nu-XBtMhkCSc_Ebb5Z4szp8CD0Q7LszIwdwQCAeYmkc9tuSgip_nmP8-VQ-qI047H1hhi8jZn-YQucWseiHRIOix9sw3amEIfnw00k5rBkCS_HvrhisTga_hOmJuN0lIOsSWzEQWvNjbJaMa4PNLCTjDMqja1VVgY_mbgag5qdBYPzk45pP-D8bjrKnmBEnvuyCrzYbcywbvh0X_SGRruk0.ob0UMghEqysiOGGOGH9eM_8NfvATFsXj5TG18GOd93U&dib_tag=se&keywords=PCs&qid=1791531767&sr=8-9,"CyberPowerPC Gaming PC, Intel Core i5-14400F, GeForce RTX 5060 8GB","Gamer Xtreme, 16GB DDR5, 1TB PCIe 4.0 SSD, WiFi Ready & Windows 11 Home (GXiVR8060A47)",4.5
https://www.amazon.com/iBUYPOWER-Element-Desktop-Computer-Keyboard/dp/B0GP2ZPSLJ/ref=sr_1_10?dib=eyJ2IjoiMSJ9.Q1g3QwGoN-IGd1UEN1R2nu-XBtMhkCSc_Ebb5Z4szp8CD0Q7LszIwdwQCAeYmkc9tuSgip_nmP8-VQ-qI047H1hhi8jZn-YQucWseiHRIOix9sw3amEIfnw00k5rBkCS_HvrhisTga_hOmJuN0lIOsSWzEQWvNjbJaMa4PNLCTjDMqja1VVgY_mbgag5qdBYPzk45pP-D8bjrKnmBEnvuyCrzYbcywbvh0X_SGRruk0.ob0UMghEqysiOGGOGH9eM_8NfvATFsXj5TG18GOd93U&dib_tag=se&keywords=PCs&qid=1791531767&sr=8-10,"iBUYPOWER Element Gaming PC Desktop Computer Intel Core i7 14700F CPU, NVIDIA GeForce RTX 5070 12GB GPU, 32GB DDR5 RAM, 1TB NVMe SSD, Windows 11 Home, Gamer Keyboard and Mouse - EBI7N5704",,4.3
https://www.amazon.com/Skytech-Gaming-Desktop-Intel-14400F/dp/B0HB3LLBCV/ref=sr_1_11?dib=eyJ2IjoiMSJ9.Q1g3QwGoN-IGd1UEN1R2nu-XBtMhkCSc_Ebb5Z4szp8CD0Q7LszIwdwQCAeYmkc9tuSgip_nmP8-VQ-qI047H1hhi8jZn-YQucWseiHRIOix9sw3amEIfnw00k5rBkCS_HvrhisTga_hOmJuN0lIOsSWzEQWvNjbJaMa4PNLCTjDMqja1VVgY_mbgag5qdBYPzk45pP-D8bjrKnmBEnvuyCrzYbcywbvh0X_SGRruk0.ob0UMghEqysiOGGOGH9eM_8NfvATFsXj5TG18GOd93U&dib_tag=se&keywords=PCs&qid=1791531767&sr=8-11,"Skytech Gaming PC Desktop, Intel i5 14400F, RTX 5060 Ti 8GB, 16GB, 1TB","Windows 11, NVMe SSD, DDR4 3200 RAM, 750W GOLD PSU, Wi-Fi 5, Shadow 5 Series",
https://www.amazon.com/CyberPowerPC-Master-Gaming-Windows-GMA3100A3/dp/B0DXVH416Y/ref=sr_1_12?dib=eyJ2IjoiMSJ9.Q1g3QwGoN-IGd1UEN1R2nu-XBtMhkCSc_Ebb5Z4szp8CD0Q7LszIwdwQCAeYmkc9tuSgip_nmP8-VQ-qI047H1hhi8jZn-YQucWseiHRIOix9sw3amEIfnw00k5rBkCS_HvrhisTga_hOmJuN0lIOsSWzEQWvNjbJaMa4PNLCTjDMqja1VVgY_mbgag5qdBYPzk45pP-D8bjrKnmBEnvuyCrzYbcywbvh0X_SGRruk0.ob0UMghEqysiOGGOGH9eM_8NfvATFsXj5TG18GOd93U&dib_tag=se&keywords=PCs&qid=1791531767&sr=8-12,"CyberPowerPC Gaming PC, AMD Ryzen 5 5500, Radeon RX 6500 XT 4GB","Gamer Master, 8GB DDR4, 500GB PCIe 4.0 SSD, WiFi Ready & Windows 11 Home (GMA3100A3)",4.0
https://www.amazon.com/OKAMUS-Pre-Built-Integrated-Graphics-Home%EF%BC%8CWiFi/dp/B0GTM4VGVZ/ref=sr_1_13?dib=eyJ2IjoiMSJ9.Q1g3QwGoN-IGd1UEN1R2nu-XBtMhkCSc_Ebb5Z4szp8CD0Q7LszIwdwQCAeYmkc9tuSgip_nmP8-VQ-qI047H1hhi8jZn-YQucWseiHRIOix9sw3amEIfnw00k5rBkCS_HvrhisTga_hOmJuN0lIOsSWzEQWvNjbJaMa4PNLCTjDMqja1VVgY_mbgag5qdBYPzk45pP-D8bjrKnmBEnvuyCrzYbcywbvh0X_SGRruk0.ob0UMghEqysiOGGOGH9eM_8NfvATFsXj5TG18GOd93U&dib_tag=se&keywords=PCs&qid=1791531767&sr=8-13,"Pre-Built PC, i5 CPU Up to 3.6GHz, Integrated Graphics Only, 256 GB M.2, 8 GB RAM Cheap Budget Gaming PC, RGB Fans x 3, Win 11 Home，WiFi 6 + BT 5.3, 400W PSU (i5+No GPU+8GB+256GB)",,3.4
https://www.amazon.com/Corsair-VENGEANCE-3200MHz-Compatible-Computer/dp/B07RW6Z692/ref=sr_1_14?dib=eyJ2IjoiMSJ9.Q1g3QwGoN-IGd1UEN1R2nu-XBtMhkCSc_Ebb5Z4szp8CD0Q7LszIwdwQCAeYmkc9tuSgip_nmP8-VQ-qI047H1hhi8jZn-YQucWseiHRIOix9sw3amEIfnw00k5rBkCS_HvrhisTga_hOmJuN0lIOsSWzEQWvNjbJaMa4PNLCTjDMqja1VVgY_mbgag5qdBYPzk45pP-D8bjrKnmBEnvuyCrzYbcywbvh0X_SGRruk0.ob0UMghEqysiOGGOGH9eM_8NfvATFsXj5TG18GOd93U&dib_tag=se&keywords=PCs&qid=1791531767&sr=8-14,CORSAIR Vengeance LPX DDR4 RAM 32GB (2x16GB) Up to 3200MHz CL16-20-20-38 1.35V Intel XMP AMD EXPO Computer Memory – Black (CMK32GX4M2E3200C16),,4.8
https://www.amazon.com/Razer-Leviathan-Full-Range-Bluetooth-Smartphones/dp/B0BCCCNHD8/ref=sr_1_15?dib=eyJ2IjoiMSJ9.Q1g3QwGoN-IGd1UEN1R2nu-XBtMhkCSc_Ebb5Z4szp8CD0Q7LszIwdwQCAeYmkc9tuSgip_nmP8-VQ-qI047H1hhi8jZn-YQucWseiHRIOix9sw3amEIfnw00k5rBkCS_HvrhisTga_hOmJuN0lIOsSWzEQWvNjbJaMa4PNLCTjDMqja1VVgY_mbgag5qdBYPzk45pP-D8bjrKnmBEnvuyCrzYbcywbvh0X_SGRruk0.ob0UMghEqysiOGGOGH9eM_8NfvATFsXj5TG18GOd93U&dib_tag=se&keywords=PCs&qid=1791531767&sr=8-15,"Razer Leviathan V2 X, PC Soundbar with Full-Range Drivers, Black","Compact Design, Chroma RGB, USB-C, Bluetooth 5.0, for PC, Laptop, Smartphones, Tablets & Nintendo Switch",4.2
https://www.amazon.com/VIVO-Adjustable-Under-Desk-Computer-MOUNT-PC04B/dp/B0DBB2W47P/ref=sr_1_16?dib=eyJ2IjoiMSJ9.Q1g3QwGoN-IGd1UEN1R2nu-XBtMhkCSc_Ebb5Z4szp8CD0Q7LszIwdwQCAeYmkc9tuSgip_nmP8-VQ-qI047H1hhi8jZn-YQucWseiHRIOix9sw3amEIfnw00k5rBkCS_HvrhisTga_hOmJuN0lIOsSWzEQWvNjbJaMa4PNLCTjDMqja1VVgY_mbgag5qdBYPzk45pP-D8bjrKnmBEnvuyCrzYbcywbvh0X_SGRruk0.ob0UMghEqysiOGGOGH9eM_8NfvATFsXj5TG18GOd93U&dib_tag=se&keywords=PCs&qid=1791531767&sr=8-16,"VIVO Heavy Duty Under Desk Large Office PC Mount, Holds 66 lbs","Black, 5-10 in Wide Adjustable Steel Bracket, Computer Case Carrier, Open Frame CPU Holder with Secure Locking, MOUNT-PC04B",4.4
https://www.amazon.com/HP-OMEN-45L-Gaming-Desktop/dp/B0HFRVZYHV/ref=sr_1_17?dib=eyJ2IjoiMSJ9.Voq0V4MIQxTsRrP1T0CAH7pgCuCgustzl_G1V2BvYuY0J92YYSqa1n5KYDH_BGdA-dfcX5ImrV0Q_71UsEppuRk41rJijSc8S-y6zyYO4ddhfscZmL4okoGsXTuJdGMnkr5N-A-W-Q_xx9NaKfOQ454Y3C3pgGBSsKBbN0RQBfRVPhN2Y0KerKW0pyn6TH12ZLBI_lenY-kWLCCzJF67QAsHV8YIzXLKe6WeHStCvOQ.Tu1UX5B8p_L7Tdqa-nGQAxOb1UwtX0oJCQVHOUj5jHM&dib_tag=se&keywords=PCs&qid=1791531770&sr=8-17&xpid=4zb-n53Jxw2mr,"HP OMEN 45L Gaming Desktop, 32GB RAM, 1TB SSD, Intel Core i7, Liquid Cooled","12-Core i7-12700KF, up to 4.9GHz, GeForce GTX 1660 Super, WiFi Adapter, 800W Gold PSU, RGB Tempered Glass, Windows 11 Home",4.7
https://www.amazon.com/Corsair-Vengeance-i7500-Gaming-i9-14900KF/dp/B0DXVTNV29/ref=sr_1_18?dib=eyJ2IjoiMSJ9.Voq0V4MIQxTsRrP1T0CAH7pgCuCgustzl_G1V2BvYuY0J92YYSqa1n5KYDH_BGdA-dfcX5ImrV0Q_71UsEppuRk41rJijSc8S-y6zyYO4ddhfscZmL4okoGsXTuJdGMnkr5N-A-W-Q_xx9NaKfOQ454Y3C3pgGBSsKBbN0RQBfRVPhN2Y0KerKW0pyn6TH12ZLBI_lenY-kWLCCzJF67QAsHV8YIzXLKe6WeHStCvOQ.Tu1UX5B8p_L7Tdqa-nGQAxOb1UwtX0oJCQVHOUj5jHM&dib_tag=se&keywords=PCs&qid=1791531770&sr=8-18&xpid=4zb-n53Jxw2mr,Corsair Vengeance i7500 Gaming PC – Black,"Liquid Cooled Intel Core i9-14900KF CPU, NVIDIA GeForce RTX 5080 GPU, 32GB VENGEANCE RGB DDR5 Memory, 2TB M.2 SSD",3.3
https://www.amazon.com/Lenovo-Legion-Tower-AI-Powered-Processor/dp/B0F5YNX43T/ref=sr_1_19?dib=eyJ2IjoiMSJ9.Voq0V4MIQxTsRrP1T0CAH7pgCuCgustzl_G1V2BvYuY0J92YYSqa1n5KYDH_BGdA-dfcX5ImrV0Q_71UsEppuRk41rJijSc8S-y6zyYO4ddhfscZmL4okoGsXTuJdGMnkr5N-A-W-Q_xx9NaKfOQ454Y3C3pgGBSsKBbN0RQBfRVPhN2Y0KerKW0pyn6TH12ZLBI_lenY-kWLCCzJF67QAsHV8YIzXLKe6WeHStCvOQ.Tu1UX5B8p_L7Tdqa-nGQAxOb1UwtX0oJCQVHOUj5jHM&dib_tag=se&keywords=PCs&qid=1791531770&sr=8-19&xpid=4zb-n53Jxw2mr,Lenovo Legion Tower 5i – AI-Powered Gaming PC - Intel® Core Ultra 7 265F Processor – NVIDIA® GeForce RTX™ 5070 Ti Graphics – 32 GB Memory – 1 TB Storage – 3 Months of PC GamePass,,4.6
https://www.amazon.com/Evounic-Gaming-Desktop-Computer-12-Core/dp/B0GX7HVCFD/ref=sr_1_20?dib=eyJ2IjoiMSJ9.Voq0V4MIQxTsRrP1T0CAH7pgCuCgustzl_G1V2BvYuY0J92YYSqa1n5KYDH_BGdA-dfcX5ImrV0Q_71UsEppuRk41rJijSc8S-y6zyYO4ddhfscZmL4okoGsXTuJdGMnkr5N-A-W-Q_xx9NaKfOQ454Y3C3pgGBSsKBbN0RQBfRVPhN2Y0KerKW0pyn6TH12ZLBI_lenY-kWLCCzJF67QAsHV8YIzXLKe6WeHStCvOQ.Tu1UX5B8p_L7Tdqa-nGQAxOb1UwtX0oJCQVHOUj5jHM&dib_tag=se&keywords=PCs&qid=1791531770&sr=8-20&xpid=4zb-n53Jxw2mr,Gaming PC Desktop Computer 12-Core RTX 2070 8GB GDDR6,"32GB DDR4 RAM, 512GB NVMe SSD + 1TB HDD, WiFi 6 & BT 5.4, Liquid Cooled, Windows 11, ARGB RGB Keyboard & Mouse",4.1
https://www.amazon.com/Olialia-Prebuilt-Gaming-PC-5600GT/dp/B0HFX3LQPH/ref=sr_1_21?dib=eyJ2IjoiMSJ9.Voq0V4MIQxTsRrP1T0CAH7pgCuCgustzl_G1V2BvYuY0J92YYSqa1n5KYDH_BGdA-dfcX5ImrV0Q_71UsEppuRk41rJijSc8S-y6zyYO4ddhfscZmL4okoGsXTuJdGMnkr5N-A-W-Q_xx9NaKfOQ454Y3C3pgGBSsKBbN0RQBfRVPhN2Y0KerKW0pyn6TH12ZLBI_lenY-kWLCCzJF67QAsHV8YIzXLKe6WeHStCvOQ.Tu1UX5B8p_L7Tdqa-nGQAxOb1UwtX0oJCQVHOUj5jHM&dib_tag=se&keywords=PCs&qid=1791531770&sr=8-21&xpid=4zb-n53Jxw2mr,"Prebuilt Gaming PC, Ryzen 5 5600GT, 32GB RAM, 1TB PCIe SSD","Ideal for Gaming, Remote Work, Programming, 600W Power, Software-Controlled ARGB Lighting Fans, WiFi 6, Windows 11 Home",4.2
https://www.amazon.com/Skytech-Gaming-King-Ryzen-9850X3D/dp/B0GPWTHRCN/ref=sr_1_22?dib=eyJ2IjoiMSJ9.Voq0V4MIQxTsRrP1T0CAH7pgCuCgustzl_G1V2BvYuY0J92YYSqa1n5KYDH_BGdA-dfcX5ImrV0Q_71UsEppuRk41rJijSc8S-y6zyYO4ddhfscZmL4okoGsXTuJdGMnkr5N-A-W-Q_xx9NaKfOQ454Y3C3pgGBSsKBbN0RQBfRVPhN2Y0KerKW0pyn6TH12ZLBI_lenY-kWLCCzJF67QAsHV8YIzXLKe6WeHStCvOQ.Tu1UX5B8p_L7Tdqa-nGQAxOb1UwtX0oJCQVHOUj5jHM&dib_tag=se&keywords=PCs&qid=1791531770&sr=8-22&xpid=4zb-n53Jxw2mr,"Skytech Gaming PC Desktop, Ryzen 7 9850X3D, RTX 5070 Ti, 32GB RAM, 1TB SSD","Windows 11, Gen4 NVMe SSD, DDR5 6000, 850W GOLD ATX 3 PSU, 360 ARGB AIO , Wi-Fi 5, King 95 Series",5.0
https://www.amazon.com/Skytech-Gaming-Vision-4-5GHz-Desktop/dp/B0G2RHL2MQ/ref=sr_1_23?dib=eyJ2IjoiMSJ9.Voq0V4MIQxTsRrP1T0CAH7pgCuCgustzl_G1V2BvYuY0J92YYSqa1n5KYDH_BGdA-dfcX5ImrV0Q_71UsEppuRk41rJijSc8S-y6zyYO4ddhfscZmL4okoGsXTuJdGMnkr5N-A-W-Q_xx9NaKfOQ454Y3C3pgGBSsKBbN0RQBfRVPhN2Y0KerKW0pyn6TH12ZLBI_lenY-kWLCCzJF67QAsHV8YIzXLKe6WeHStCvOQ.Tu1UX5B8p_L7Tdqa-nGQAxOb1UwtX0oJCQVHOUj5jHM&dib_tag=se&keywords=PCs&qid=1791531770&sr=8-23&xpid=4zb-n53Jxw2mr,"Skytech Gaming O11 Vision Gaming PC, AMD Ryzen 7 7700X 4.5GHz, NVIDIA RTX 5070 12GB, X670 Board, 1TB Gen4 NVMe SSD, 32GB DDR5 RAM 5600, 850W Gold ATX 3 PSU, 360 ARGB AIO, Wi-Fi, Win 11, Desktop",,4.5
https://www.amazon.com/Skytech-Gaming-Crystal-3-7GHz-Desktop/dp/B0G2RDTD1Y/ref=sr_1_24?dib=eyJ2IjoiMSJ9.Voq0V4MIQxTsRrP1T0CAH7pgCuCgustzl_G1V2BvYuY0J92YYSqa1n5KYDH_BGdA-dfcX5ImrV0Q_71UsEppuRk41rJijSc8S-y6zyYO4ddhfscZmL4okoGsXTuJdGMnkr5N-A-W-Q_xx9NaKfOQ454Y3C3pgGBSsKBbN0RQBfRVPhN2Y0KerKW0pyn6TH12ZLBI_lenY-kWLCCzJF67QAsHV8YIzXLKe6WeHStCvOQ.Tu1UX5B8p_L7Tdqa-nGQAxOb1UwtX0oJCQVHOUj5jHM&dib_tag=se&keywords=PCs&qid=1791531770&sr=8-24&xpid=4zb-n53Jxw2mr,"Skytech Gaming PC Desktop, Ryzen 7 5700, RTX 5060, 32GB RAM, 1TB SSD","Windows 11, NVMe SSD, DDR4 3200, 650W GOLD PSU, Wi-Fi 5, Crystal Series",4.5
https://www.amazon.com/Olialia-Gaming-PC-Ryzen-512GB/dp/B0HBWSNCFP/ref=sr_1_25?dib=eyJ2IjoiMSJ9.Voq0V4MIQxTsRrP1T0CAH7pgCuCgustzl_G1V2BvYuY0J92YYSqa1n5KYDH_BGdA-dfcX5ImrV0Q_71UsEppuRk41rJijSc8S-y6zyYO4ddhfscZmL4okoGsXTuJdGMnkr5N-A-W-Q_xx9NaKfOQ454Y3C3pgGBSsKBbN0RQBfRVPhN2Y0KerKW0pyn6TH12ZLBI_lenY-kWLCCzJF67QAsHV8YIzXLKe6WeHStCvOQ.Tu1UX5B8p_L7Tdqa-nGQAxOb1UwtX0oJCQVHOUj5jHM&dib_tag=se&keywords=PCs&qid=1791531770&sr=8-25&xpid=4zb-n53Jxw2mr,"Gaming PC, RTX 3060 Ti 8GB, AMD Ryzen 5 5500, 16GB RAM, 512GB SSD","Prebuilt Gaming Desktop Computer (Beats RTX 5050 8GB), ARGB Lighting, 600W Power Supply, Ideal for Gaming, Streaming Setup",4.6
https://www.amazon.com/Olialia-Gaming-PC-Performance-Processor/dp/B0HDTV6G1D/ref=sr_1_26?dib=eyJ2IjoiMSJ9.Voq0V4MIQxTsRrP1T0CAH7pgCuCgustzl_G1V2BvYuY0J92YYSqa1n5KYDH_BGdA-dfcX5ImrV0Q_71UsEppuRk41rJijSc8S-y6zyYO4ddhfscZmL4okoGsXTuJdGMnkr5N-A-W-Q_xx9NaKfOQ454Y3C3pgGBSsKBbN0RQBfRVPhN2Y0KerKW0pyn6TH12ZLBI_lenY-kWLCCzJF67QAsHV8YIzXLKe6WeHStCvOQ.Tu1UX5B8p_L7Tdqa-nGQAxOb1UwtX0oJCQVHOUj5jHM&dib_tag=se&keywords=PCs&qid=1791531770&sr=8-26&xpid=4zb-n53Jxw2mr,"Gaming PC, Ryzen 5 5600GT 6-Core High Performance Processor","16GB RAM, 512GB SSD, Prebuilt Gaming Desktop Computer, 600W Power, ARGB Fans, WiFi 6, Ideal for Gaming, Windows 11 Home",4.5
https://www.amazon.com/Olialia-Gaming-PC-GeForce-Performance/dp/B0HG11D2D2/ref=sr_1_27?dib=eyJ2IjoiMSJ9.Voq0V4MIQxTsRrP1T0CAH7pgCuCgustzl_G1V2BvYuY0J92YYSqa1n5KYDH_BGdA-dfcX5ImrV0Q_71UsEppuRk41rJijSc8S-y6zyYO4ddhfscZmL4okoGsXTuJdGMnkr5N-A-W-Q_xx9NaKfOQ454Y3C3pgGBSsKBbN0RQBfRVPhN2Y0KerKW0pyn6TH12ZLBI_lenY-kWLCCzJF67QAsHV8YIzXLKe6WeHStCvOQ.Tu1UX5B8p_L7Tdqa-nGQAxOb1UwtX0oJCQVHOUj5jHM&dib_tag=se&keywords=PCs&qid=1791531770&sr=8-27&xpid=4zb-n53Jxw2mr,"Gaming PC, GeForce RTX 3060 Ti 8GB, Ryzen 5 5500 High Performance","16GB RAM, 1TB PCIe SSD, Prebuilt Gaming Tower Desktop Computer, 600W Power Supply, 7x ARGB Fans, WiFi 6, Windows 11 Home",4.8
https://www.amazon.com/ZOTAC-Gaming-9800X3D-NVIDIA-Apocalypse/dp/B0H2FZ3J4W/ref=sr_1_28?dib=eyJ2IjoiMSJ9.Voq0V4MIQxTsRrP1T0CAH7pgCuCgustzl_G1V2BvYuY0J92YYSqa1n5KYDH_BGdA-dfcX5ImrV0Q_71UsEppuRk41rJijSc8S-y6zyYO4ddhfscZmL4okoGsXTuJdGMnkr5N-A-W-Q_xx9NaKfOQ454Y3C3pgGBSsKBbN0RQBfRVPhN2Y0KerKW0pyn6TH12ZLBI_lenY-kWLCCzJF67QAsHV8YIzXLKe6WeHStCvOQ.Tu1UX5B8p_L7Tdqa-nGQAxOb1UwtX0oJCQVHOUj5jHM&dib_tag=se&keywords=PCs&qid=1791531770&sr=8-28&xpid=4zb-n53Jxw2mr,"ZOTAC MEK Gaming PC, Ryzen 7 9800X3D, NVIDIA RTX 5080 16GB, Apocalypse","32GB DDR5, 2TB NVMe SSD, 850W 80+ Gold PSU, WiFi 6E, Bluetooth 5.3, Windows 11 Pro, White, GDDR7",5.0
https://www.amazon.com/BYTE-DEPOT-Master-Gaming-Desktop/dp/B0GRJV5YXL/ref=sr_1_29?dib=eyJ2IjoiMSJ9.Voq0V4MIQxTsRrP1T0CAH7pgCuCgustzl_G1V2BvYuY0J92YYSqa1n5KYDH_BGdA-dfcX5ImrV0Q_71UsEppuRk41rJijSc8S-y6zyYO4ddhfscZmL4okoGsXTuJdGMnkr5N-A-W-Q_xx9NaKfOQ454Y3C3pgGBSsKBbN0RQBfRVPhN2Y0KerKW0pyn6TH12ZLBI_lenY-kWLCCzJF67QAsHV8YIzXLKe6WeHStCvOQ.Tu1UX5B8p_L7Tdqa-nGQAxOb1UwtX0oJCQVHOUj5jHM&dib_tag=se&keywords=PCs&qid=1791531770&sr=8-29&xpid=4zb-n53Jxw2mr,"Gamer Master Gaming Desktop PC - Intel Core i7, 32GB RAM, 1TB Ultra-Fast SSD, GeForce RTX 3050 6GB GDDR6, WiFi 6 Ready & Windows 11 Pro",,4.8
https://www.amazon.com/Skytech-Gaming-Crystal-3-8GHz-Desktop/dp/B0GDF41DN1/ref=sr_1_30?dib=eyJ2IjoiMSJ9.Voq0V4MIQxTsRrP1T0CAH7pgCuCgustzl_G1V2BvYuY0J92YYSqa1n5KYDH_BGdA-dfcX5ImrV0Q_71UsEppuRk41rJijSc8S-y6zyYO4ddhfscZmL4okoGsXTuJdGMnkr5N-A-W-Q_xx9NaKfOQ454Y3C3pgGBSsKBbN0RQBfRVPhN2Y0KerKW0pyn6TH12ZLBI_lenY-kWLCCzJF67QAsHV8YIzXLKe6WeHStCvOQ.Tu1UX5B8p_L7Tdqa-nGQAxOb1UwtX0oJCQVHOUj5jHM&dib_tag=se&keywords=PCs&qid=1791531770&sr=8-30&xpid=4zb-n53Jxw2mr,"Skytech Gaming PC Desktop, Ryzen 7 7700, RTX 5060 Ti 8GB, 32GB RAM, 1TB SSD","Windows 11, NVMe SSD, DDR5 5600, 650W GOLD PSU, Wi-Fi 5, Crystal Series",4.5
https://www.amazon.com/Skytech-Gaming-Desktop-9800X3D-NVIDIA/dp/B0DXX2T9JC/ref=sr_1_31?dib=eyJ2IjoiMSJ9.Voq0V4MIQxTsRrP1T0CAH7pgCuCgustzl_G1V2BvYuY0J92YYSqa1n5KYDH_BGdA-dfcX5ImrV0Q_71UsEppuRk41rJijSc8S-y6zyYO4ddhfscZmL4okoGsXTuJdGMnkr5N-A-W-Q_xx9NaKfOQ454Y3C3pgGBSsKBbN0RQBfRVPhN2Y0KerKW0pyn6TH12ZLBI_lenY-kWLCCzJF67QAsHV8YIzXLKe6WeHStCvOQ.Tu1UX5B8p_L7Tdqa-nGQAxOb1UwtX0oJCQVHOUj5jHM&dib_tag=se&keywords=PCs&qid=1791531770&sr=8-31&xpid=4zb-n53Jxw2mr,"Skytech Gaming King 95 Gaming PC, Ryzen 7 9800X3D, RTX 5070 Ti","32GB DDR5 RAM 5600, 1TB Gen4 NVMe M.2 SSD, Windows 11, 850W GOLD ATX 3 PSU, 360 ARGB AIO , Wi-Fi 5, Desktop",4.2
https://www.amazon.com/HP-OMEN-40L-Desktop-i7-14700F/dp/B0HGBDPY7T/ref=sr_1_32?dib=eyJ2IjoiMSJ9.Voq0V4MIQxTsRrP1T0CAH7pgCuCgustzl_G1V2BvYuY0J92YYSqa1n5KYDH_BGdA-dfcX5ImrV0Q_71UsEppuRk41rJijSc8S-y6zyYO4ddhfscZmL4okoGsXTuJdGMnkr5N-A-W-Q_xx9NaKfOQ454Y3C3pgGBSsKBbN0RQBfRVPhN2Y0KerKW0pyn6TH12ZLBI_lenY-kWLCCzJF67QAsHV8YIzXLKe6WeHStCvOQ.Tu1UX5B8p_L7Tdqa-nGQAxOb1UwtX0oJCQVHOUj5jHM&dib_tag=se&keywords=PCs&qid=1791531770&sr=8-32&xpid=4zb-n53Jxw2mr,"HP OMEN 40L Gaming Desktop PC i7-14700F GTX 1660 Super 32GB DDR5, 1TB SSD",Powerful 14th Gen Intel Core i7-14700F processor with NVIDIA GTX 1660 SUPER graphics delivers exceptional gaming performance,4.5
https://www.amazon.com/msi-Desktop-9800X3D-GeForce-9NVP-2068US/dp/B0GLL1ZHZ5/ref=sr_1_33?dib=eyJ2IjoiMSJ9.eUUfQrg96g2dx16bYyhm_HSktm6ehIh_FpqM0fyXe1hfz7hNHwt9hFxbJIFI4U0jpMh-gsGp-8RJT4iWDJ4XX5vEmRppOlcMLBCto_nxd2lgS3JfspCN7343-goNhrjVRQBwtizZHvAh9vAUyzBTQ425vLQoNEKGDLaa0Dj-hympdVhvRX9ZyysaT67B0N_ONHyiDa9tLLknkuOSPPYjUM8vZcMebl12peXYByYK-bc.fcuhRn9rWmc0fZE-6JoO6cFmWdckgMCRMoaZQkdW5qo&dib_tag=se&keywords=PCs&qid=1791531773&sr=8-33&xpid=4zb-n53Jxw2mr,"msi Vision ZS Gaming Desktop, Ryzen 7 9800X3D, RTX 5070, 32GB DDR5, 2TB SSD","AMD Ryzen 7 9800X3D, 360mm AIO Liquid Cooling, WiFi 6E, VR-Ready, Win 11 Home. Model 9NVP-2068US",4.2
https://www.amazon.com/Evounic-Desktop-Computer-12-Core-Processor/dp/B0GWG7GW55/ref=sr_1_34?dib=eyJ2IjoiMSJ9.eUUfQrg96g2dx16bYyhm_HSktm6ehIh_FpqM0fyXe1hfz7hNHwt9hFxbJIFI4U0jpMh-gsGp-8RJT4iWDJ4XX5vEmRppOlcMLBCto_nxd2lgS3JfspCN7343-goNhrjVRQBwtizZHvAh9vAUyzBTQ425vLQoNEKGDLaa0Dj-hympdVhvRX9ZyysaT67B0N_ONHyiDa9tLLknkuOSPPYjUM8vZcMebl12peXYByYK-bc.fcuhRn9rWmc0fZE-6JoO6cFmWdckgMCRMoaZQkdW5qo&dib_tag=se&keywords=PCs&qid=1791531773&sr=8-34&xpid=4zb-n53Jxw2mr,Gaming Desktop PC Computer 12-Core Processor Radeon RX580 GDDR5,64GB RAM 512GB NVMe SSD + 1TB HDD WiFi 6 & BT 5.4 Liquid Cooled 7× ARGB Fans 650W PSU Windows 11,3.6
https://www.amazon.com/Volt-V1-2-Gaming-Desktop-Computer/dp/B0HHRCDLL2/ref=sr_1_35?dib=eyJ2IjoiMSJ9.eUUfQrg96g2dx16bYyhm_HSktm6ehIh_FpqM0fyXe1hfz7hNHwt9hFxbJIFI4U0jpMh-gsGp-8RJT4iWDJ4XX5vEmRppOlcMLBCto_nxd2lgS3JfspCN7343-goNhrjVRQBwtizZHvAh9vAUyzBTQ425vLQoNEKGDLaa0Dj-hympdVhvRX9ZyysaT67B0N_ONHyiDa9tLLknkuOSPPYjUM8vZcMebl12peXYByYK-bc.fcuhRn9rWmc0fZE-6JoO6cFmWdckgMCRMoaZQkdW5qo&dib_tag=se&keywords=PCs&qid=1791531773&sr=8-35&xpid=4zb-n53Jxw2mr,"Volt X3 V1.2 Gaming PC Desktop Computer – Ryzen 5 2600 3.9GHz, NVIDIA GTX 1070 8GB, 16GB DDR4 RAM, 512GB NVMe SSD, 4 ARGB Fans, Wireless WiFi + Bluetooth, Windows 11 Pro 64-Bit Activated (White)",,5.0
https://www.amazon.com/CyberPowerPC-i7-14700F-GeForce-Windows-GXiVR8040A19/dp/B0DXVFR2MP/ref=sr_1_36?dib=eyJ2IjoiMSJ9.eUUfQrg96g2dx16bYyhm_HSktm6ehIh_FpqM0fyXe1hfz7hNHwt9hFxbJIFI4U0jpMh-gsGp-8RJT4iWDJ4XX5vEmRppOlcMLBCto_nxd2lgS3JfspCN7343-goNhrjVRQBwtizZHvAh9vAUyzBTQ425vLQoNEKGDLaa0Dj-hympdVhvRX9ZyysaT67B0N_ONHyiDa9tLLknkuOSPPYjUM8vZcMebl12peXYByYK-bc.fcuhRn9rWmc0fZE-6JoO6cFmWdckgMCRMoaZQkdW5qo&dib_tag=se&keywords=PCs&qid=1791531773&sr=8-36&xpid=4zb-n53Jxw2mr,"CyberPowerPC Gaming PC, Intel Core i7-14700F, GeForce RTX 5060 Ti 8GB","Gamer Xtreme, 16GB DDR5, 1TB PCIe 4.0 SSD, WiFi Ready & Windows 11 Home (GXiVR8040A19)",4.2
https://www.amazon.com/Gaming-Desktop-Computer-11700F-4-9GHz/dp/B0H6Z4TGSC/ref=sr_1_37?dib=eyJ2IjoiMSJ9.eUUfQrg96g2dx16bYyhm_HSktm6ehIh_FpqM0fyXe1hfz7hNHwt9hFxbJIFI4U0jpMh-gsGp-8RJT4iWDJ4XX5vEmRppOlcMLBCto_nxd2lgS3JfspCN7343-goNhrjVRQBwtizZHvAh9vAUyzBTQ425vLQoNEKGDLaa0Dj-hympdVhvRX9ZyysaT67B0N_ONHyiDa9tLLknkuOSPPYjUM8vZcMebl12peXYByYK-bc.fcuhRn9rWmc0fZE-6JoO6cFmWdckgMCRMoaZQkdW5qo&dib_tag=se&keywords=PCs&qid=1791531773&sr=8-37&xpid=4zb-n53Jxw2mr,"Gaming PC Desktop Computer i7 11700F up to 4.9GHz, RTX 5050 8GB GDDR6","32GB RAM, 1TB NVMe SSD, WiFi 6 & BT 5.4, Liquid Cooled, 9x ARGB Fans, Windows 11, RGB Keyboard & Mouse",4.0
https://www.amazon.com/Skytech-Gaming-Azure-Ryzen-5070/dp/B0GZNKBHB3/ref=sr_1_38?dib=eyJ2IjoiMSJ9.eUUfQrg96g2dx16bYyhm_HSktm6ehIh_FpqM0fyXe1hfz7hNHwt9hFxbJIFI4U0jpMh-gsGp-8RJT4iWDJ4XX5vEmRppOlcMLBCto_nxd2lgS3JfspCN7343-goNhrjVRQBwtizZHvAh9vAUyzBTQ425vLQoNEKGDLaa0Dj-hympdVhvRX9ZyysaT67B0N_ONHyiDa9tLLknkuOSPPYjUM8vZcMebl12peXYByYK-bc.fcuhRn9rWmc0fZE-6JoO6cFmWdckgMCRMoaZQkdW5qo&dib_tag=se&keywords=PCs&qid=1791531773&sr=8-38&xpid=4zb-n53Jxw2mr,"Skytech Gaming PC Azure 3, Ryzen 7, RTX 5070, 24GB RAM, 1TB SSD","Windows 11, AMD 7700X, NVIDIA 5070, Gen4 NVMe SSD, DDR5 6000, 850W GOLD ATX 3 PSU, 360 ARGB AIO , Wi-Fi 5",5.0
https://www.amazon.com/ASUS-Desktop-Processor-NVIDIA%C2%AE-G700TF-XS776/dp/B0F2BCG7R7/ref=sr_1_39?dib=eyJ2IjoiMSJ9.eUUfQrg96g2dx16bYyhm_HSktm6ehIh_FpqM0fyXe1hfz7hNHwt9hFxbJIFI4U0jpMh-gsGp-8RJT4iWDJ4XX5vEmRppOlcMLBCto_nxd2lgS3JfspCN7343-goNhrjVRQBwtizZHvAh9vAUyzBTQ425vLQoNEKGDLaa0Dj-hympdVhvRX9ZyysaT67B0N_ONHyiDa9tLLknkuOSPPYjUM8vZcMebl12peXYByYK-bc.fcuhRn9rWmc0fZE-6JoO6cFmWdckgMCRMoaZQkdW5qo&dib_tag=se&keywords=PCs&qid=1791531773&sr=8-39&xpid=4zb-n53Jxw2mr,"ASUS ROG G700 (2025) Gaming Desktop PC, Intel® Core™ Ultra 7 265F Processor, NVIDIA® GeForce RTX™ 5070, 1TB M.2 NVMe™ PCIe® 4 SSD, 32GB DDR5 RAM, Windows 11 Pro, G700TF-XS776",,4.2
https://www.amazon.com/NVIDIA-DGX-SparkTM-Supercomputer-Blackwell/dp/B0FWJ16CCH/ref=sr_1_40?dib=eyJ2IjoiMSJ9.eUUfQrg96g2dx16bYyhm_HSktm6ehIh_FpqM0fyXe1hfz7hNHwt9hFxbJIFI4U0jpMh-gsGp-8RJT4iWDJ4XX5vEmRppOlcMLBCto_nxd2lgS3JfspCN7343-goNhrjVRQBwtizZHvAh9vAUyzBTQ425vLQoNEKGDLaa0Dj-hympdVhvRX9ZyysaT67B0N_ONHyiDa9tLLknkuOSPPYjUM8vZcMebl12peXYByYK-bc.fcuhRn9rWmc0fZE-6JoO6cFmWdckgMCRMoaZQkdW5qo&dib_tag=se&keywords=PCs&qid=1791531773&sr=8-40&xpid=4zb-n53Jxw2mr,NVIDIA DGX Spark™ - Personal AI Desktop Supercomputer – Desktop GB10 Grace Blackwell Chip,,4.4
https://www.amazon.com/HP-OmniBook-Touchscreen-Windows-16-by0499nr/dp/B0GQB2F5NF/ref=sr_1_41?dib=eyJ2IjoiMSJ9.eUUfQrg96g2dx16bYyhm_HSktm6ehIh_FpqM0fyXe1hfz7hNHwt9hFxbJIFI4U0jpMh-gsGp-8RJT4iWDJ4XX5vEmRppOlcMLBCto_nxd2lgS3JfspCN7343-goNhrjVRQBwtizZHvAh9vAUyzBTQ425vLQoNEKGDLaa0Dj-hympdVhvRX9ZyysaT67B0N_ONHyiDa9tLLknkuOSPPYjUM8vZcMebl12peXYByYK-bc.fcuhRn9rWmc0fZE-6JoO6cFmWdckgMCRMoaZQkdW5qo&dib_tag=se&keywords=PCs&qid=1791531773&sr=8-41&xpid=4zb-n53Jxw2mr,"HP OmniBook 3 16 inch Laptop PC, 2K Touchscreen, AMD Ryzen 5 40, 8 GB RAM, 512 GB SSD, AMD Radeon 610M GPU, Windows 11 Home, Glacier Silver, 16-by0499nr",,4.4
https://www.amazon.com/HP-OmniBook-Touchscreen-Windows-16-by0299nr/dp/B0GQ9N3Y62/ref=sr_1_42?dib=eyJ2IjoiMSJ9.eUUfQrg96g2dx16bYyhm_HSktm6ehIh_FpqM0fyXe1hfz7hNHwt9hFxbJIFI4U0jpMh-gsGp-8RJT4iWDJ4XX5vEmRppOlcMLBCto_nxd2lgS3JfspCN7343-goNhrjVRQBwtizZHvAh9vAUyzBTQ425vLQoNEKGDLaa0Dj-hympdVhvRX9ZyysaT67B0N_ONHyiDa9tLLknkuOSPPYjUM8vZcMebl12peXYByYK-bc.fcuhRn9rWmc0fZE-6JoO6cFmWdckgMCRMoaZQkdW5qo&dib_tag=se&keywords=PCs&qid=1791531773&sr=8-42&xpid=4zb-n53Jxw2mr,"HP OmniBook 3 16 inch Laptop PC, 2K Touchscreen, AMD Ryzen 3 30, 8 GB RAM, 512 GB SSD, AMD Radeon 610M GPU, Windows 11 Home, Mica Silver, 16-by0299nr",,3.9
https://www.amazon.com/Olialia-Prebuilt-Gaming-PC-GeForce/dp/B0HFWVRN8R/ref=sr_1_43?dib=eyJ2IjoiMSJ9.eUUfQrg96g2dx16bYyhm_HSktm6ehIh_FpqM0fyXe1hfz7hNHwt9hFxbJIFI4U0jpMh-gsGp-8RJT4iWDJ4XX5vEmRppOlcMLBCto_nxd2lgS3JfspCN7343-goNhrjVRQBwtizZHvAh9vAUyzBTQ425vLQoNEKGDLaa0Dj-hympdVhvRX9ZyysaT67B0N_ONHyiDa9tLLknkuOSPPYjUM8vZcMebl12peXYByYK-bc.fcuhRn9rWmc0fZE-6JoO6cFmWdckgMCRMoaZQkdW5qo&dib_tag=se&keywords=PCs&qid=1791531773&sr=8-43&xpid=4zb-n53Jxw2mr,"Prebuilt Gaming PC, GeForce RTX 3060 Ti 8GB, AMD Ryzen 7 5700X","16GB RAM, 512GB SSD, Built for Smooth 1080p Gaming (Beats RTX 5050 8GB), 600W PSU, Software-Controlled ARGB Lighting",4.5
https://www.amazon.com/Alienware-Aurora-Gaming-Desktop-ACT1250/dp/B0FC4KBJV2/ref=sr_1_44?dib=eyJ2IjoiMSJ9.eUUfQrg96g2dx16bYyhm_HSktm6ehIh_FpqM0fyXe1hfz7hNHwt9hFxbJIFI4U0jpMh-gsGp-8RJT4iWDJ4XX5vEmRppOlcMLBCto_nxd2lgS3JfspCN7343-goNhrjVRQBwtizZHvAh9vAUyzBTQ425vLQoNEKGDLaa0Dj-hympdVhvRX9ZyysaT67B0N_ONHyiDa9tLLknkuOSPPYjUM8vZcMebl12peXYByYK-bc.fcuhRn9rWmc0fZE-6JoO6cFmWdckgMCRMoaZQkdW5qo&dib_tag=se&keywords=PCs&qid=1791531773&sr=8-44&xpid=4zb-n53Jxw2mr,"Alienware Aurora Gaming Desktop, Intel Core Ultra 7 265KF, Windows 11 Home","NVIDIA GeForce RTX 5070, 32GB DDR5 RAM, 2TB PCIe NVMe SSD, RJ45 Killer 2.5Gb Ethernet, Wi‑Fi 7, Dell Wired Keyboard, ACT1250",4.5
https://www.amazon.com/msi-Desktop-Keyboard-Included-Friendly/dp/B0FLVRS6GB/ref=sr_1_45?dib=eyJ2IjoiMSJ9.eUUfQrg96g2dx16bYyhm_HSktm6ehIh_FpqM0fyXe1hfz7hNHwt9hFxbJIFI4U0jpMh-gsGp-8RJT4iWDJ4XX5vEmRppOlcMLBCto_nxd2lgS3JfspCN7343-goNhrjVRQBwtizZHvAh9vAUyzBTQ425vLQoNEKGDLaa0Dj-hympdVhvRX9ZyysaT67B0N_ONHyiDa9tLLknkuOSPPYjUM8vZcMebl12peXYByYK-bc.fcuhRn9rWmc0fZE-6JoO6cFmWdckgMCRMoaZQkdW5qo&dib_tag=se&keywords=PCs&qid=1791531773&sr=8-45&xpid=4zb-n53Jxw2mr,"msi Aegis ZS Gaming Desktop, AMD Ryzen 9 9900X, GeForce RTX 5080, 32GB RAM, 2TB SSD, Liquid Cooling, Wi-Fi 7, Keyboard & Mouse Included, DIY Friendly, Windows 11 Pro",,5.0
https://www.amazon.com/Skytech-Gaming-King-Ryzen-7800X3D/dp/B0GZKLT5WB/ref=sr_1_46?dib=eyJ2IjoiMSJ9.eUUfQrg96g2dx16bYyhm_HSktm6ehIh_FpqM0fyXe1hfz7hNHwt9hFxbJIFI4U0jpMh-gsGp-8RJT4iWDJ4XX5vEmRppOlcMLBCto_nxd2lgS3JfspCN7343-goNhrjVRQBwtizZHvAh9vAUyzBTQ425vLQoNEKGDLaa0Dj-hympdVhvRX9ZyysaT67B0N_ONHyiDa9tLLknkuOSPPYjUM8vZcMebl12peXYByYK-bc.fcuhRn9rWmc0fZE-6JoO6cFmWdckgMCRMoaZQkdW5qo&dib_tag=se&keywords=PCs&qid=1791531773&sr=8-46&xpid=4zb-n53Jxw2mr,"Skytech Gaming King 95 Gaming PC, Ryzen 7 7800X3D, RX 9070 XT","24GB DDR5 RAM 6000, 1TB Gen4 NVMe M.2 SSD, Windows 11, 850W GOLD ATX 3 PSU, 360 ARGB AIO , Wi-Fi 5, Desktop",3.8
https://www.amazon.com/Prebuilt-Gaming-PC-Ryzen-5700X/dp/B0HF7PC7NN/ref=sr_1_47?dib=eyJ2IjoiMSJ9.eUUfQrg96g2dx16bYyhm_HSktm6ehIh_FpqM0fyXe1hfz7hNHwt9hFxbJIFI4U0jpMh-gsGp-8RJT4iWDJ4XX5vEmRppOlcMLBCto_nxd2lgS3JfspCN7343-goNhrjVRQBwtizZHvAh9vAUyzBTQ425vLQoNEKGDLaa0Dj-hympdVhvRX9ZyysaT67B0N_ONHyiDa9tLLknkuOSPPYjUM8vZcMebl12peXYByYK-bc.fcuhRn9rWmc0fZE-6JoO6cFmWdckgMCRMoaZQkdW5qo&dib_tag=se&keywords=PCs&qid=1791531773&sr=8-47&xpid=4zb-n53Jxw2mr,"Prebuilt Gaming PC, RTX 3060 Ti 8GB, AMD Ryzen 7 5700X, 16GB RAM, 512GB SSD","Rgb lighting, WiFi 6, 600W Power, Win 11, Panoramic Tower Desktop for Gaming, Video Editing, Streaming, Content Creation",4.5
https://www.amazon.com/msi-Aegis-Gaming-Desktop-C2NVP9-2069US/dp/B0GLLCT2H9/ref=sr_1_48?dib=eyJ2IjoiMSJ9.eUUfQrg96g2dx16bYyhm_HSktm6ehIh_FpqM0fyXe1hfz7hNHwt9hFxbJIFI4U0jpMh-gsGp-8RJT4iWDJ4XX5vEmRppOlcMLBCto_nxd2lgS3JfspCN7343-goNhrjVRQBwtizZHvAh9vAUyzBTQ425vLQoNEKGDLaa0Dj-hympdVhvRX9ZyysaT67B0N_ONHyiDa9tLLknkuOSPPYjUM8vZcMebl12peXYByYK-bc.fcuhRn9rWmc0fZE-6JoO6cFmWdckgMCRMoaZQkdW5qo&dib_tag=se&keywords=PCs&qid=1791531773&sr=8-48&xpid=4zb-n53Jxw2mr,"msi Aegis R2 Gaming Desktop, Core Ultra 9 285, RTX 5070, 32GB DDR5, 2TB SSD, Windows 11 Home",,5.0
https://www.amazon.com/Skytech-Gaming-Archangel-14400F-Desktop/dp/B0G2RDZ7F1/ref=sr_1_49?dib=eyJ2IjoiMSJ9.MFhqGAFICgJXGl74xLgM54YZV6_Ot6ohdg93sRQQeZkdT5xhCosDmEcAiqR26KfCS6lv2zj4jHAcKc65AdBR9RNhQaoR3pKfCR7UoQD_vUzwzpLzsZGuc8jVItSqbyDw-DgwpaGy86yMbfs1qXBnXyV01v1pC4uahiXlvFOB_uew4rJ2upRTDXFZJsYi367UPy-NtdHqWsvbLOmAtHAcFUt45a5rl5SkoHO-uwWxNbI.PG5mBc8W6fildBH8y1PTiSr_ME46yDQGDIZOSa4fSac&dib_tag=se&keywords=PCs&qid=1791531777&sr=8-49&xpid=4zb-n53Jxw2mr,"Skytech Gaming PC Desktop, Intel i5 14400F, RTX 5060, 16GB RAM, 1TB SSD","Windows 11, NVMe SSD, DDR5 6000, 750W GOLD PSU, Wi-Fi 5, Archangel 5 Series",4.1
https://www.amazon.com/Apple-2026-mini-Desktop-Computer/dp/B0HGGJZ92H/ref=sr_1_50?dib=eyJ2IjoiMSJ9.MFhqGAFICgJXGl74xLgM54YZV6_Ot6ohdg93sRQQeZkdT5xhCosDmEcAiqR26KfCS6lv2zj4jHAcKc65AdBR9RNhQaoR3pKfCR7UoQD_vUzwzpLzsZGuc8jVItSqbyDw-DgwpaGy86yMbfs1qXBnXyV01v1pC4uahiXlvFOB_uew4rJ2upRTDXFZJsYi367UPy-NtdHqWsvbLOmAtHAcFUt45a5rl5SkoHO-uwWxNbI.PG5mBc8W6fildBH8y1PTiSr_ME46yDQGDIZOSa4fSac&dib_tag=se&keywords=PCs&qid=1791531777&sr=8-50&xpid=4zb-n53Jxw2mr,Apple 2026 Mac mini Desktop Computer M6 chip,"12‑core CPU and 12‑core GPU, 16GB Unified Memory, 256GB SSD Storage",4.2
https://www.amazon.com/Olialia-Prebuilt-Gaming-PC-12-Thread/dp/B0HFWMSDTB/ref=sr_1_51?dib=eyJ2IjoiMSJ9.MFhqGAFICgJXGl74xLgM54YZV6_Ot6ohdg93sRQQeZkdT5xhCosDmEcAiqR26KfCS6lv2zj4jHAcKc65AdBR9RNhQaoR3pKfCR7UoQD_vUzwzpLzsZGuc8jVItSqbyDw-DgwpaGy86yMbfs1qXBnXyV01v1pC4uahiXlvFOB_uew4rJ2upRTDXFZJsYi367UPy-NtdHqWsvbLOmAtHAcFUt45a5rl5SkoHO-uwWxNbI.PG5mBc8W6fildBH8y1PTiSr_ME46yDQGDIZOSa4fSac&dib_tag=se&keywords=PCs&qid=1791531777&sr=8-51&xpid=4zb-n53Jxw2mr,"Prebuilt Gaming PC, Ryzen 5 5600GT, 6-Core, 12-Thread, up to 4.6GHz","16GB RAM, 256GB SSD, 600W Power, Software-Controlled ARGB Lighting Fans, WiFi 6, Ideal for Gaming, Windows 11 Home",4.6
https://www.amazon.com/Olialia-Gaming-PC-Prebuilt-Ryzen/dp/B0HF7Y2H1P/ref=sr_1_52?dib=eyJ2IjoiMSJ9.MFhqGAFICgJXGl74xLgM54YZV6_Ot6ohdg93sRQQeZkdT5xhCosDmEcAiqR26KfCS6lv2zj4jHAcKc65AdBR9RNhQaoR3pKfCR7UoQD_vUzwzpLzsZGuc8jVItSqbyDw-DgwpaGy86yMbfs1qXBnXyV01v1pC4uahiXlvFOB_uew4rJ2upRTDXFZJsYi367UPy-NtdHqWsvbLOmAtHAcFUt45a5rl5SkoHO-uwWxNbI.PG5mBc8W6fildBH8y1PTiSr_ME46yDQGDIZOSa4fSac&dib_tag=se&keywords=PCs&qid=1791531777&sr=8-52&xpid=4zb-n53Jxw2mr,"Gaming PC Prebuilt, RTX 3060 Ti, AMD Ryzen 5 5500, 16GB RAM","1TB SSD, RGB lighting, WiFi 6, 600W Power, Win 11, Panoramic Tower Desktop for Gaming, Streaming, Everyday Use",4.6
https://www.amazon.com/iBUYPOWER-Desktop-Computer-Windows-Keyboard/dp/B0GP3DWSB4/ref=sr_1_53?dib=eyJ2IjoiMSJ9.MFhqGAFICgJXGl74xLgM54YZV6_Ot6ohdg93sRQQeZkdT5xhCosDmEcAiqR26KfCS6lv2zj4jHAcKc65AdBR9RNhQaoR3pKfCR7UoQD_vUzwzpLzsZGuc8jVItSqbyDw-DgwpaGy86yMbfs1qXBnXyV01v1pC4uahiXlvFOB_uew4rJ2upRTDXFZJsYi367UPy-NtdHqWsvbLOmAtHAcFUt45a5rl5SkoHO-uwWxNbI.PG5mBc8W6fildBH8y1PTiSr_ME46yDQGDIZOSa4fSac&dib_tag=se&keywords=PCs&qid=1791531777&sr=8-53&xpid=4zb-n53Jxw2mr,"iBUYPOWER Slate Gaming PC Desktop Computer AMD Ryzen 7 9700F CPU, AMD Radeon RX 9060 8GB GPU, 16GB DDR5 RAM, 1TB NVMe SSD, Windows 11 Home, Gamer Keyboard and Mouse - SBA7R9601",,4.1
https://www.amazon.com/Gaming-Mini-Desktop-Ultra-290HX/dp/B0H34XVDRJ/ref=sr_1_54?dib=eyJ2IjoiMSJ9.MFhqGAFICgJXGl74xLgM54YZV6_Ot6ohdg93sRQQeZkdT5xhCosDmEcAiqR26KfCS6lv2zj4jHAcKc65AdBR9RNhQaoR3pKfCR7UoQD_vUzwzpLzsZGuc8jVItSqbyDw-DgwpaGy86yMbfs1qXBnXyV01v1pC4uahiXlvFOB_uew4rJ2upRTDXFZJsYi367UPy-NtdHqWsvbLOmAtHAcFUt45a5rl5SkoHO-uwWxNbI.PG5mBc8W6fildBH8y1PTiSr_ME46yDQGDIZOSa4fSac&dib_tag=se&keywords=PCs&qid=1791531777&sr=8-54&xpid=4zb-n53Jxw2mr,"ROG NUC 16 Gaming Mini PC, AI Desktop | Ultra 9 290HX Plus, RTX 5080 GPU","32GB DDR5-6400 RAM, 1TB SSD, Win 11, Black 3L Chassis, Triple-Fan QuietFlow Cooling, 3 Months of PC Game Pass, 3-Yr Warranty",3.6
https://www.amazon.com/HP-OmniBook-Display-Graphics-17-dg0099nr/dp/B0GQ9R7MRZ/ref=sr_1_55?dib=eyJ2IjoiMSJ9.MFhqGAFICgJXGl74xLgM54YZV6_Ot6ohdg93sRQQeZkdT5xhCosDmEcAiqR26KfCS6lv2zj4jHAcKc65AdBR9RNhQaoR3pKfCR7UoQD_vUzwzpLzsZGuc8jVItSqbyDw-DgwpaGy86yMbfs1qXBnXyV01v1pC4uahiXlvFOB_uew4rJ2upRTDXFZJsYi367UPy-NtdHqWsvbLOmAtHAcFUt45a5rl5SkoHO-uwWxNbI.PG5mBc8W6fildBH8y1PTiSr_ME46yDQGDIZOSa4fSac&dib_tag=se&keywords=PCs&qid=1791531777&sr=8-55&xpid=4zb-n53Jxw2mr,"HP OmniBook 3 17.3 inch Laptop PC, FHD Display, Intel Core Ultra 5 225U, 8 GB RAM, 512 GB SSD, Intel Graphics, Windows 11 Home, Glacier Silver, 17-dg0099nr",,4.2
https://www.amazon.com/MSI-Codex-Gaming-Desktop-A14NVL5-454US/dp/B0F86GXF41/ref=sr_1_56?dib=eyJ2IjoiMSJ9.MFhqGAFICgJXGl74xLgM54YZV6_Ot6ohdg93sRQQeZkdT5xhCosDmEcAiqR26KfCS6lv2zj4jHAcKc65AdBR9RNhQaoR3pKfCR7UoQD_vUzwzpLzsZGuc8jVItSqbyDw-DgwpaGy86yMbfs1qXBnXyV01v1pC4uahiXlvFOB_uew4rJ2upRTDXFZJsYi367UPy-NtdHqWsvbLOmAtHAcFUt45a5rl5SkoHO-uwWxNbI.PG5mBc8W6fildBH8y1PTiSr_ME46yDQGDIZOSa4fSac&dib_tag=se&keywords=PCs&qid=1791531777&sr=8-56&xpid=4zb-n53Jxw2mr,"msi Codex R2 Gaming Desktop, Intel i5-14400F, RTX 5060, 16GB DDR5, 1TB SSD","NVIDIA GeForce RTX 5060, 80+ Gold PSU, ARGB Air Cooling, WiFi 6E, VR-Ready. Model A14NVL5-454US",4.3
https://www.amazon.com/Microphone-TONOR-Condenser-Podcasting-TC310/dp/B0CCV74CL7/ref=sr_1_57?dib=eyJ2IjoiMSJ9.MFhqGAFICgJXGl74xLgM54YZV6_Ot6ohdg93sRQQeZkdT5xhCosDmEcAiqR26KfCS6lv2zj4jHAcKc65AdBR9RNhQaoR3pKfCR7UoQD_vUzwzpLzsZGuc8jVItSqbyDw-DgwpaGy86yMbfs1qXBnXyV01v1pC4uahiXlvFOB_uew4rJ2upRTDXFZJsYi367UPy-NtdHqWsvbLOmAtHAcFUt45a5rl5SkoHO-uwWxNbI.PG5mBc8W6fildBH8y1PTiSr_ME46yDQGDIZOSa4fSac&dib_tag=se&keywords=PCs&qid=1791531777&sr=8-57&xpid=4zb-n53Jxw2mr,"TONOR Gaming Microphone Set with Boom Arm, Vocal Condenser Microphone for Content Creators, USB Mic for PC with Stand, RGB, Tap Mute, Gain Control, Gaming Equipemnt, Twitch, Streaming, TC310+",,4.5
https://www.amazon.com/Olialia-Gaming-PC-3060-Ryzen/dp/B0HDTSYS2S/ref=sr_1_58?dib=eyJ2IjoiMSJ9.MFhqGAFICgJXGl74xLgM54YZV6_Ot6ohdg93sRQQeZkdT5xhCosDmEcAiqR26KfCS6lv2zj4jHAcKc65AdBR9RNhQaoR3pKfCR7UoQD_vUzwzpLzsZGuc8jVItSqbyDw-DgwpaGy86yMbfs1qXBnXyV01v1pC4uahiXlvFOB_uew4rJ2upRTDXFZJsYi367UPy-NtdHqWsvbLOmAtHAcFUt45a5rl5SkoHO-uwWxNbI.PG5mBc8W6fildBH8y1PTiSr_ME46yDQGDIZOSa4fSac&dib_tag=se&keywords=PCs&qid=1791531777&sr=8-58&xpid=4zb-n53Jxw2mr,"Gaming PC, RTX 3060 Ti 8GB, AMD Ryzen 5 5500, 16GB RAM, 1TB SSD","Prebuilt Gaming Desktop Computer (Beats RTX 5050 8GB), ARGB Lighting, 600W Power Supply, Ideal for Gaming, Streaming Setup",4.6
https://www.amazon.com/STGAubron-Computer-Desktop-Windows-Streaming/dp/B0DPR1T9SG/ref=sr_1_59?dib=eyJ2IjoiMSJ9.MFhqGAFICgJXGl74xLgM54YZV6_Ot6ohdg93sRQQeZkdT5xhCosDmEcAiqR26KfCS6lv2zj4jHAcKc65AdBR9RNhQaoR3pKfCR7UoQD_vUzwzpLzsZGuc8jVItSqbyDw-DgwpaGy86yMbfs1qXBnXyV01v1pC4uahiXlvFOB_uew4rJ2upRTDXFZJsYi367UPy-NtdHqWsvbLOmAtHAcFUt45a5rl5SkoHO-uwWxNbI.PG5mBc8W6fildBH8y1PTiSr_ME46yDQGDIZOSa4fSac&dib_tag=se&keywords=PCs&qid=1791531777&sr=8-59&xpid=4zb-n53Jxw2mr,"STGAubron Gaming PC Desktop,Intel i7 Xeon E5,RX 560 4G,16G RAM,512G SSD","Gaming Computer Tower for Streaming,Video Editing,Home,School,E5 up to 3.0GHz,ARGB Fan,WiFi,BT 5.0,4K DP,HDMI,Win11 Home",3.6
https://www.amazon.com/Fanttik-Screwdriver-Precision-E1-MAX/dp/B0BGWRWRX2/ref=sr_1_60?dib=eyJ2IjoiMSJ9.MFhqGAFICgJXGl74xLgM54YZV6_Ot6ohdg93sRQQeZkdT5xhCosDmEcAiqR26KfCS6lv2zj4jHAcKc65AdBR9RNhQaoR3pKfCR7UoQD_vUzwzpLzsZGuc8jVItSqbyDw-DgwpaGy86yMbfs1qXBnXyV01v1pC4uahiXlvFOB_uew4rJ2upRTDXFZJsYi367UPy-NtdHqWsvbLOmAtHAcFUt45a5rl5SkoHO-uwWxNbI.PG5mBc8W6fildBH8y1PTiSr_ME46yDQGDIZOSa4fSac&dib_tag=se&keywords=PCs&qid=1791531777&sr=8-60&xpid=4zb-n53Jxw2mr,"Fanttik E1 Max Electric Screwdriver, 53-in-1 Screwdriver for DIY (Grey)","50 Magnetic Bits, Magnetic Storage, Max.0.2N.m, LED Light, 5/32''Hex Screwdriver for Electronics, Phone, Camera, Laptop",4.4
https://www.amazon.com/LENRUE-Computer-Speakers-Desktop-AUX_Black/dp/B0BRFN13S9/ref=sr_1_61?dib=eyJ2IjoiMSJ9.MFhqGAFICgJXGl74xLgM54YZV6_Ot6ohdg93sRQQeZkdT5xhCosDmEcAiqR26KfCS6lv2zj4jHAcKc65AdBR9RNhQaoR3pKfCR7UoQD_vUzwzpLzsZGuc8jVItSqbyDw-DgwpaGy86yMbfs1qXBnXyV01v1pC4uahiXlvFOB_uew4rJ2upRTDXFZJsYi367UPy-NtdHqWsvbLOmAtHAcFUt45a5rl5SkoHO-uwWxNbI.PG5mBc8W6fildBH8y1PTiSr_ME46yDQGDIZOSa4fSac&dib_tag=se&keywords=PCs&qid=1791531777&sr=8-61&xpid=4zb-n53Jxw2mr,"LENRUE G11 Computer Speakers for Desktop, Touch Lights PC Speakers with Surge Clear Sound, USB C/USB Powered, AUX Audio for Computer Desktop PC Laptop Desk",,4.2
https://www.amazon.com/Dell-OptiPlex-Desktop-Computer-256GB/dp/B0GN93VBDX/ref=sr_1_62?dib=eyJ2IjoiMSJ9.MFhqGAFICgJXGl74xLgM54YZV6_Ot6ohdg93sRQQeZkdT5xhCosDmEcAiqR26KfCS6lv2zj4jHAcKc65AdBR9RNhQaoR3pKfCR7UoQD_vUzwzpLzsZGuc8jVItSqbyDw-DgwpaGy86yMbfs1qXBnXyV01v1pC4uahiXlvFOB_uew4rJ2upRTDXFZJsYi367UPy-NtdHqWsvbLOmAtHAcFUt45a5rl5SkoHO-uwWxNbI.PG5mBc8W6fildBH8y1PTiSr_ME46yDQGDIZOSa4fSac&dib_tag=se&keywords=PCs&qid=1791531777&sr=8-62&xpid=4zb-n53Jxw2mr,"Dell 2026 OptiPlex Mini Desktop Computer 8GB DDR5 RAM, 256GB PCIe SSD","7010 MFF Business PC Professional Performance for Work & Home, WiFi 6E, Triple 4K Display, Office 365, Windows 11 Pro",4.2
https://www.amazon.com/HP-Business-Tower-Desktop-Processor/dp/B0HKSNYDY6/ref=sr_1_63?dib=eyJ2IjoiMSJ9.MFhqGAFICgJXGl74xLgM54YZV6_Ot6ohdg93sRQQeZkdT5xhCosDmEcAiqR26KfCS6lv2zj4jHAcKc65AdBR9RNhQaoR3pKfCR7UoQD_vUzwzpLzsZGuc8jVItSqbyDw-DgwpaGy86yMbfs1qXBnXyV01v1pC4uahiXlvFOB_uew4rJ2upRTDXFZJsYi367UPy-NtdHqWsvbLOmAtHAcFUt45a5rl5SkoHO-uwWxNbI.PG5mBc8W6fildBH8y1PTiSr_ME46yDQGDIZOSa4fSac&dib_tag=se&keywords=PCs&qid=1791531777&sr=8-63&xpid=4zb-n53Jxw2mr,"HP Business Tower Desktop PC, Intel i5 Processor, 32GB RAM, 1TB SSD","Windows 11, Copilot AI, WiFi Adapter, Keyboard & Mouse Included, Smooth Multitasking, Office Productivity & Data Processing",4.2
https://www.amazon.com/HP-ProDesk-Desktop-Computer-i5-10400F/dp/B0GS2TWCT6/ref=sr_1_64?dib=eyJ2IjoiMSJ9.MFhqGAFICgJXGl74xLgM54YZV6_Ot6ohdg93sRQQeZkdT5xhCosDmEcAiqR26KfCS6lv2zj4jHAcKc65AdBR9RNhQaoR3pKfCR7UoQD_vUzwzpLzsZGuc8jVItSqbyDw-DgwpaGy86yMbfs1qXBnXyV01v1pC4uahiXlvFOB_uew4rJ2upRTDXFZJsYi367UPy-NtdHqWsvbLOmAtHAcFUt45a5rl5SkoHO-uwWxNbI.PG5mBc8W6fildBH8y1PTiSr_ME46yDQGDIZOSa4fSac&dib_tag=se&keywords=PCs&qid=1791531777&sr=8-64&xpid=4zb-n53Jxw2mr,"HP ProDesk 600 Desktop Computer, Intel Core i5, 16GB DDR4 RAM, 256GB SSD","Ideal for Office Work, Web Browsing, Remote work, and Everyday Multitasking; WiFi Adapter, Compact Design with Win 11 Pro",4.4
